Measured_PPV_mm_per_s,Distance_from_Dam_m,Charge_Factor,Total_Explosive_Quantity_kg,SDI,BVII,RDI,Slope_deg,Burden_m,Spacing_m,Severity_Ratio,Rec_Target_PPV_mm_per_s,Rec_Distance_from_Dam_m,Rec_Charge_Factor,Rec_Burden_m,Rec_Spacing_m
9.37,1343,1.85,544,437.2,0.427,0.846,2,2.24,3.8,1.873,3.55,2107.3,0.96,2.7,4.49
19.16,1002,0.78,813,285.5,0.96,0.53,29,3.69,5.26,3.832,3.04,2287.8,0.2,5.14,7.58
15.44,262,1.66,917,4.5,0.823,0.437,7,2.04,2.64,3.089,3.23,651.8,0.54,2.58,3.31
13.18,2074,1.64,1601,128.9,0.848,0.494,6,3.24,4.01,2.635,3.33,3847.2,0.47,3.97,4.89
5.65,369,2.24,825,203.4,0.877,0.665,11,2.22,3.84,1.13,4.74,515.8,1.99,2.41,3.95
5.65,731,1.26,1939,230.0,0.849,0.704,18,3.22,4.77,1.13,4.66,802.8,1.13,3.45,4.87
3.99,1005,1.24,2486,148.8,0.665,0.629,25,2.12,5.88,1.01,4.66,1055.0,1.19,2.22,6.07
17.72,2114,1.74,2761,16.5,0.84,0.664,27,4.51,4.29,3.545,2.46,4762.8,0.47,6.37,5.88
13.22,1741,1.77,573,295.1,0.775,0.682,14,2.63,5.95,2.644,3.35,3303.6,0.67,3.18,7.41
15.04,304,1.44,2102,262.1,0.912,0.862,13,2.98,3.56,3.007,2.84,600.9,0.51,4.07,4.71
3.35,681,1.39,1008,141.5,0.881,0.463,13,4.61,2.61,1.01,4.9,829.8,1.34,4.71,2.71
19.49,1679,1.49,2879,19.0,0.425,0.861,2,4.24,3.08,3.898,2.18,3896.1,0.29,5.88,4.37
17.15,940,2.22,1187,497.3,0.627,0.813,28,2.66,3.88,3.43,2.71,1994.7,0.65,3.44,5.13
6.61,1936,1.42,1156,241.0,0.421,0.845,5,2.22,3.61,1.322,4.5,2374.1,1.1,2.32,3.82
6.09,1351,2.38,2042,378.0,0.461,0.841,22,4.15,2.84,1.218,4.55,1622.9,1.9,4.25,3.08
6.12,1819,1.51,1792,226.2,0.761,0.682,27,3.17,4.01,1.224,4.9,2205.7,1.25,3.39,4.22
8.17,1742,2.4,1899,21.6,0.924,0.527,13,4.3,3.68,1.634,4.4,2399.1,1.47,4.6,3.99
11.92,2743,2.17,2052,154.8,0.472,0.722,13,3.34,2.93,2.384,2.85,4676.4,0.93,4.22,3.39
10.34,2397,1.22,1575,160.1,0.671,0.975,19,3.04,3.54,2.069,3.11,3846.0,0.64,3.58,4.23
7.95,974,2.23,824,419.2,0.947,0.753,12,3.35,5.6,1.59,3.6,1309.5,1.3,3.73,6.28
13.4,1564,0.72,1491,327.1,0.889,0.407,26,4.25,3.56,2.68,3.24,2932.9,0.23,5.2,4.41
5.37,2343,2.35,2493,137.7,0.712,0.436,34,4.71,5.0,1.074,4.7,2498.0,2.09,4.92,5.15
7.97,789,1.76,1216,483.9,0.863,0.996,44,2.15,4.64,1.593,4.19,1018.5,1.01,2.41,5.02
9.23,2110,0.61,776,160.8,0.714,0.443,1,3.57,4.0,1.846,3.59,3141.9,0.39,4.17,4.5
10.75,2786,1.79,651,499.1,0.495,0.428,40,2.1,3.34,2.151,3.54,4531.4,0.74,2.64,4.05
16.35,1522,2.45,1454,498.1,0.475,0.612,44,3.41,3.79,3.27,3.04,3283.9,0.69,4.41,4.92
6.39,2101,0.64,2006,95.6,0.513,0.982,39,4.66,4.57,1.279,4.47,2529.3,0.52,4.76,4.78
11.74,771,1.61,758,156.4,0.611,0.591,23,3.08,3.73,2.348,3.3,1301.6,0.69,3.83,4.37
13.07,1271,2.0,2871,243.0,0.958,0.646,28,4.8,3.25,2.614,2.68,2308.5,0.63,6.11,3.98
3.79,1595,2.12,1368,332.1,0.88,0.78,2,3.89,2.91,1.01,4.89,1645.0,2.06,3.99,3.01
13.33,1043,1.33,1691,264.0,0.66,0.414,44,4.8,5.58,2.666,3.11,1910.7,0.44,5.95,6.78
5.9,2346,0.91,1187,484.7,0.696,0.939,3,4.27,4.04,1.18,4.57,2682.8,0.73,4.45,4.19
4.11,1549,0.58,809,362.0,0.559,0.712,1,2.31,4.69,1.01,4.9,1707.5,0.53,2.41,4.79
19.13,2639,1.66,2002,106.0,0.823,0.68,19,2.69,4.22,3.826,2.96,6185.2,0.45,3.73,6.07
19.42,995,1.41,972,52.5,0.882,0.916,14,3.18,5.55,3.883,2.86,2394.4,0.31,4.55,7.81
16.74,2289,2.4,1313,344.2,0.543,0.972,31,2.51,4.41,3.349,2.61,4903.7,0.71,3.28,6.06
8.18,1436,0.62,1345,79.2,0.425,0.654,41,3.48,4.18,1.636,4.13,1965.6,0.33,3.81,4.64
4.66,264,1.87,1664,393.8,0.774,0.503,0,3.41,5.74,1.01,4.87,397.9,1.82,3.6,5.93
14.63,2461,0.55,1166,155.5,0.738,0.889,37,4.87,5.02,2.926,2.66,4958.5,0.2,6.41,6.63
10.48,2168,0.84,2809,163.4,0.641,0.642,34,3.3,2.89,2.097,3.3,3492.8,0.43,4.02,3.28
5.07,1205,1.41,2308,5.4,0.786,0.961,6,4.36,3.12,1.015,4.53,1255.0,1.36,4.49,3.22
11.42,1853,1.41,1943,350.5,0.73,0.97,44,4.83,5.25,2.284,3.14,3208.7,0.49,5.7,6.33
3.58,2452,1.87,2267,56.6,0.55,0.469,12,4.63,5.43,1.01,4.9,2502.0,1.81,4.76,5.53
18.46,2038,2.32,1764,386.4,0.639,0.974,0,2.63,4.41,3.692,3.06,4713.3,0.53,3.86,6.0
7.4,470,1.78,854,245.9,0.657,0.621,13,3.49,4.44,1.48,3.92,714.2,1.21,3.92,4.61
14.26,1980,2.41,2372,392.1,0.928,0.788,28,3.04,4.71,2.853,3.36,3787.3,0.67,3.96,6.05
8.3,952,2.26,2524,292.0,0.977,0.421,2,3.2,4.04,1.66,3.61,1452.1,1.33,3.4,4.6
11.84,483,1.67,679,41.2,0.936,0.933,45,3.08,4.88,2.368,2.94,975.0,0.69,3.53,6.04
12.29,2031,2.17,565,382.8,0.832,0.785,23,4.48,2.88,2.459,3.21,3701.1,0.84,5.32,3.37
6.14,2592,1.79,1319,34.9,0.751,0.786,0,3.36,5.86,1.229,4.68,2997.0,1.48,3.66,6.02
19.48,524,0.66,1871,239.4,0.814,0.941,9,3.57,5.13,3.897,2.08,1225.3,0.2,5.11,7.17
16.18,2308,1.98,670,86.2,0.963,0.705,12,4.95,4.71,3.235,2.5,4874.2,0.56,6.75,6.28
18.97,728,0.69,1890,376.2,0.55,0.646,35,2.18,3.61,3.794,2.52,1709.3,0.25,3.08,5.22
18.21,994,1.69,1630,455.8,0.721,0.92,8,3.46,3.06,3.642,2.45,2220.9,0.43,4.9,4.39
13.16,2637,1.91,2986,277.1,0.814,0.845,13,4.32,3.93,2.633,3.29,4864.0,0.68,5.19,4.9
18.67,2474,0.63,1334,263.6,0.808,0.969,35,2.45,4.82,3.734,2.6,5719.6,0.2,3.36,6.63
4.5,697,0.96,726,382.0,0.551,0.964,9,3.83,4.72,1.01,4.64,747.0,0.91,3.93,4.82
6.33,2436,2.33,941,2.5,0.752,0.629,39,2.72,3.84,1.266,4.84,2840.1,1.84,2.88,4.17
3.77,692,1.73,2943,458.9,0.878,0.668,22,4.6,4.65,1.01,4.77,742.0,1.68,4.7,4.75
8.53,1787,0.99,1227,98.7,0.685,0.554,34,2.98,5.35,1.706,4.06,2595.2,0.45,3.4,5.84
9.61,672,1.88,2104,492.1,0.876,0.796,6,2.99,2.59,1.922,3.89,1088.9,0.99,3.35,3.05
7.61,2175,1.69,2631,368.1,0.616,0.619,41,3.79,4.08,1.523,4.52,2791.1,1.01,4.22,4.49
17.09,2190,1.5,1536,387.1,0.963,0.872,34,2.55,5.15,3.418,2.7,4863.9,0.38,3.31,7.19
9.06,1804,2.45,2332,328.1,0.72,0.473,1,2.85,4.41,1.813,3.83,2571.1,1.35,3.27,4.9
7.78,2570,1.87,2348,235.8,0.758,0.47,14,3.25,4.78,1.555,3.84,3454.8,1.21,3.44,5.18
12.23,276,1.25,992,285.8,0.419,0.523,8,3.06,4.31,2.445,3.38,587.9,0.55,3.84,5.23
5.4,628,2.1,2048,23.2,0.502,0.451,16,3.57,5.97,1.079,4.78,766.2,2.02,3.67,6.21
16.64,1733,2.27,1643,312.0,0.78,0.772,38,3.8,2.69,3.327,2.68,3630.7,0.59,5.19,3.74
4.27,1065,0.75,1469,313.0,0.652,0.488,17,3.7,4.22,1.01,4.9,1202.9,0.7,3.88,4.36
19.78,1617,0.9,2900,445.6,0.705,0.496,14,3.96,2.82,3.955,2.06,3952.7,0.2,5.53,3.92
16.13,297,0.93,2587,252.8,0.438,0.409,17,2.92,3.06,3.226,3.17,679.8,0.23,3.7,4.2
6.38,2757,1.88,1139,38.6,0.9,0.869,23,2.38,3.84,1.276,4.78,3256.5,1.43,2.59,3.97
3.09,2989,1.71,672,153.1,0.871,0.887,22,4.28,3.04,1.01,4.9,3039.0,1.66,4.38,3.14
16.86,952,1.74,2070,327.8,0.511,0.497,11,4.55,5.87,3.373,2.71,2097.6,0.46,6.09,7.79
15.02,1637,2.38,758,119.6,0.781,0.844,22,2.77,5.81,3.003,2.75,3286.9,0.77,3.6,7.63
15.39,2169,2.05,1016,140.3,0.891,0.66,20,3.22,3.68,3.079,3.34,4484.6,0.64,4.04,4.77
16.11,1180,0.76,1022,410.2,0.785,0.544,25,3.5,4.74,3.222,2.4,2482.6,0.2,4.54,6.47
4.26,2989,1.2,2417,292.2,0.586,0.773,7,3.6,4.37,1.01,4.9,3094.4,1.15,3.7,4.47
9.09,197,1.37,2664,254.3,0.794,0.507,29,3.98,5.35,1.819,3.89,256.6,0.7,4.6,5.82
4.97,2003,1.29,2731,159.2,0.526,0.854,33,2.12,4.7,1.01,4.9,2053.0,1.24,2.22,4.8
17.67,534,1.84,2429,365.5,0.591,0.429,1,4.16,2.5,3.535,2.94,1153.5,0.52,5.78,3.33
13.6,736,2.28,1639,143.9,0.544,0.975,4,2.19,5.17,2.719,3.18,1334.4,0.77,2.9,6.47
8.63,687,1.11,2709,368.5,0.734,0.443,30,3.4,5.11,1.725,3.42,1024.2,0.69,3.7,5.72
4.08,443,1.6,1338,35.1,0.465,0.748,32,4.48,4.28,1.01,4.85,554.6,1.55,4.58,4.44
8.29,1417,2.08,1589,432.3,0.96,0.941,3,3.35,5.66,1.657,3.52,2015.2,1.2,3.83,6.2
8.53,2079,1.33,1593,249.8,0.6,0.407,5,2.45,5.68,1.706,4.21,2967.6,0.79,2.59,6.4
15.4,670,0.84,2994,219.3,0.531,0.699,22,4.96,4.33,3.081,3.1,1439.7,0.2,6.44,5.8
13.84,710,1.45,2963,305.5,0.698,0.61,44,4.67,4.63,2.768,3.26,1359.4,0.38,6.1,5.82
18.08,1827,0.61,2988,312.1,0.566,0.748,18,4.31,5.99,3.617,2.78,4102.5,0.2,6.2,8.34
11.03,2390,2.38,2469,66.0,0.721,0.535,42,3.23,3.55,2.206,3.37,3931.1,0.99,3.71,4.27
5.03,1954,0.65,2943,378.1,0.609,0.439,44,2.55,3.64,1.01,4.63,2058.6,0.59,2.65,3.74
15.13,2708,1.38,2074,138.0,0.479,0.776,7,4.82,3.14,3.025,2.7,5391.2,0.5,6.2,4.25
15.93,1059,1.56,2080,452.5,0.56,0.65,38,3.6,5.64,3.187,2.44,2137.8,0.44,4.74,7.59
12.54,2179,2.47,2942,408.9,0.663,0.773,12,4.56,5.11,2.508,3.38,3940.7,0.93,5.56,6.16
16.11,2538,0.83,2873,173.1,0.418,0.526,0,3.03,2.87,3.221,2.45,5410.9,0.2,4.08,4.02
11.39,2424,0.73,1614,403.9,0.862,0.603,5,3.01,5.94,2.279,3.51,4128.0,0.26,3.74,6.95
11.89,631,0.52,1249,178.2,0.773,0.737,6,4.96,5.06,2.377,3.44,1190.7,0.2,5.91,6.27
10.27,1277,0.81,1593,50.5,0.761,0.756,26,3.57,5.48,2.054,3.45,2086.8,0.41,4.27,6.27
3.43,2530,0.91,1689,480.9,0.728,0.623,14,2.42,2.67,1.01,4.61,2595.3,0.86,2.52,2.78
4.83,1191,1.76,2761,326.3,0.754,0.568,33,2.66,4.27,1.01,4.79,1292.1,1.71,2.76,4.37
3.53,2001,0.94,2375,228.0,0.961,0.564,22,3.45,4.95,1.01,4.8,2128.3,0.89,3.55,5.05
13.82,983,0.54,2287,198.9,0.405,0.505,23,2.13,4.4,2.764,3.21,1850.6,0.23,2.51,5.43
8.34,2361,2.15,2916,162.4,0.429,0.595,14,3.39,4.83,1.669,3.48,3268.9,1.14,3.68,5.23
11.65,1778,1.23,2107,490.7,0.515,0.52,34,3.26,5.36,2.329,3.61,3010.7,0.54,4.06,6.27
18.43,2523,1.21,548,67.4,0.5,0.78,3,4.34,3.81,3.686,2.87,5742.0,0.3,5.98,5.49
7.24,2891,1.1,1575,157.4,0.509,0.741,43,3.06,5.47,1.448,3.84,3770.0,0.77,3.35,5.76
9.98,2360,2.45,1812,242.7,0.803,0.63,36,4.95,3.07,1.995,3.76,3653.3,1.11,5.61,3.61
15.84,2226,0.84,2149,239.0,0.676,0.595,16,2.54,3.45,3.169,2.98,4602.0,0.22,3.19,4.7
6.89,1849,2.3,2680,235.7,0.995,0.543,30,3.77,2.65,1.378,4.51,2381.3,1.56,4.01,2.96
4.31,2775,2.05,1689,87.9,0.536,0.721,37,2.27,3.78,1.01,4.66,2845.4,2.0,2.41,3.88
7.93,2751,0.65,1897,72.5,0.586,0.951,9,4.2,3.83,1.585,3.63,3726.0,0.39,4.53,4.32
5.74,881,2.47,2920,127.4,0.991,0.811,26,4.98,5.32,1.148,4.4,1082.6,2.22,5.14,5.42
18.8,2827,1.04,2328,457.3,0.899,0.847,41,4.46,4.79,3.761,2.44,6517.9,0.24,6.46,6.86
16.74,2205,0.7,978,56.5,0.682,0.901,5,3.67,4.03,3.348,3.03,4778.4,0.2,5.07,5.54
13.77,980,2.16,1331,378.7,0.733,0.611,5,3.45,4.78,2.754,3.25,1812.8,0.71,4.24,5.84
17.81,546,1.91,2114,378.8,0.906,0.438,14,4.51,2.68,3.563,3.07,1193.7,0.38,6.33,3.61
16.66,2213,1.73,1181,404.9,0.689,0.774,3,4.81,3.13,3.332,2.3,4726.7,0.54,6.49,4.22
6.17,1883,0.81,1823,443.3,0.524,0.513,39,4.97,4.69,1.234,4.01,2196.8,0.71,5.24,4.83
18.17,1377,1.46,581,131.5,0.897,0.741,6,3.19,4.74,3.635,2.82,3227.9,0.4,4.45,6.79
12.17,2091,2.06,586,112.3,0.723,0.844,44,4.97,5.21,2.434,2.98,3789.8,0.8,5.89,6.27
16.73,1167,1.11,2772,232.8,0.492,0.87,25,2.47,3.91,3.345,2.57,2602.5,0.31,3.36,5.46
18.23,1677,1.12,2563,132.5,0.703,0.581,30,2.76,5.03,3.647,2.67,3777.7,0.37,3.85,7.01
8.41,1111,0.51,1321,367.2,0.648,0.707,1,2.27,4.89,1.681,3.46,1680.0,0.24,2.51,5.58
4.87,2374,0.85,662,318.0,0.926,0.773,27,2.82,5.87,1.01,4.9,2476.7,0.8,2.97,5.98
6.87,873,2.25,2897,437.5,0.476,0.892,41,4.3,3.25,1.375,4.09,1093.8,1.6,4.7,3.57
10.26,2826,1.38,2432,41.4,0.925,0.857,12,4.56,4.43,2.052,3.62,4519.3,0.72,5.26,4.97
16.91,1914,2.47,2350,457.5,0.707,0.993,17,4.34,4.61,3.381,3.05,4051.7,0.71,5.87,6.29
17.63,2748,1.29,2360,146.7,0.643,0.405,29,3.89,6.0,3.526,2.33,6020.2,0.42,5.37,8.12
3.12,2526,1.93,1615,245.3,0.497,0.662,10,3.54,3.2,1.01,4.9,2657.7,1.88,3.64,3.3
11.68,1301,1.06,2728,219.3,0.82,0.554,12,4.13,4.33,2.337,3.3,2290.4,0.36,5.13,5.25
10.1,1550,1.23,2382,380.2,0.956,0.472,23,3.17,3.71,2.019,3.94,2427.6,0.57,3.72,4.37
6.78,2856,0.88,1422,210.2,0.625,0.947,28,4.52,4.34,1.355,4.0,3503.6,0.67,4.68,4.44
5.04,406,1.19,2675,471.8,0.545,0.999,4,4.03,3.31,1.01,4.9,539.6,1.14,4.13,3.41
8.74,878,1.59,1949,451.3,0.733,0.508,34,4.09,2.67,1.748,3.69,1321.0,0.76,4.6,2.99
19.03,2651,2.48,2082,436.1,0.878,0.423,18,3.61,4.5,3.806,2.84,6141.8,0.57,5.18,6.23
8.49,2415,1.83,1064,35.6,0.402,0.565,12,4.66,3.68,1.699,3.94,3337.4,0.97,5.18,4.06
11.82,107,0.9,3000,427.1,0.779,0.901,4,2.76,3.14,2.364,3.25,191.9,0.42,3.19,3.86
14.95,2655,0.59,970,390.8,0.758,0.576,43,3.14,3.63,2.99,3.3,5410.5,0.2,3.9,4.54
9.18,575,0.75,1487,51.8,0.591,0.434,13,4.33,2.67,1.836,3.57,878.2,0.42,4.81,3.11
19.52,1420,1.63,2434,53.7,0.671,0.431,37,3.48,5.83,3.904,2.25,3370.9,0.32,4.96,8.4
19.36,2311,2.03,723,50.6,0.548,0.656,21,4.67,4.53,3.872,2.65,5435.9,0.43,6.5,6.62
7.28,584,2.38,2701,5.7,0.874,0.959,8,3.04,5.35,1.456,4.27,865.4,1.66,3.37,5.61
11.45,2714,0.53,850,274.3,0.781,0.572,39,3.11,3.98,2.291,3.24,4626.8,0.2,3.65,4.88
8.11,1004,1.55,2428,486.7,0.72,0.656,25,4.67,5.66,1.623,3.91,1447.6,0.83,5.27,6.03
7.84,658,1.44,848,219.3,0.636,0.461,44,3.39,4.19,1.568,4.45,899.6,0.79,3.54,4.51
3.63,2067,1.81,681,270.4,0.575,0.696,4,3.55,4.51,1.01,4.9,2117.0,1.76,3.65,4.61
13.36,2385,1.62,1136,484.0,0.894,0.818,28,3.0,4.22,2.673,2.67,4544.9,0.58,3.74,5.43
11.55,1227,1.87,1517,127.6,0.671,0.563,21,2.83,5.07,2.309,3.0,2210.0,0.71,3.26,6.14
3.88,1333,1.82,2726,429.2,0.701,0.578,2,3.97,4.48,1.01,4.9,1481.1,1.77,4.15,4.58
7.74,2701,0.73,1271,273.2,0.712,0.905,27,2.36,3.45,1.547,4.25,3687.1,0.37,2.46,3.55
18.44,2975,2.1,1515,284.7,0.669,0.406,37,4.64,3.01,3.688,3.02,6838.8,0.57,6.47,4.14
7.07,567,0.75,2611,171.6,0.554,0.782,13,4.34,4.62,1.415,4.01,791.1,0.57,4.78,4.77
5.46,2533,1.9,528,280.8,0.472,0.636,13,2.57,4.21,1.093,4.9,2796.1,1.82,2.67,4.32
11.32,2922,1.33,2919,36.6,0.459,0.579,42,4.08,2.84,2.264,3.54,4939.7,0.63,4.69,3.44
19.76,947,1.53,2644,382.3,0.854,0.795,10,3.81,3.88,3.951,2.31,2212.0,0.31,5.41,5.78
7.11,2534,2.31,2393,142.3,0.534,0.901,8,2.55,4.3,1.423,4.24,3187.3,1.54,2.71,4.76
14.43,358,2.28,1965,443.8,0.433,0.735,37,2.82,5.39,2.885,3.07,838.5,0.76,3.49,6.98
15.95,382,2.14,1726,183.9,0.879,0.419,43,3.23,2.77,3.19,2.78,808.9,0.52,4.27,3.48
7.04,1749,1.52,2568,71.4,0.492,0.677,5,4.1,3.72,1.408,4.54,2289.6,1.01,4.48,3.89
15.38,1998,1.97,1625,347.9,0.775,0.678,0,3.92,5.38,3.076,3.18,4001.2,0.5,5.28,7.06
9.25,139,1.53,565,82.3,0.603,0.726,24,3.6,4.77,1.85,4.03,221.0,0.77,3.88,5.38
13.75,2633,2.24,1634,376.8,0.476,0.803,15,4.31,3.51,2.75,3.32,4974.9,0.75,5.3,4.48
13.77,2367,1.31,837,484.1,0.649,0.412,14,4.27,5.46,2.754,3.0,4418.7,0.37,5.31,7.08
12.11,1114,2.44,2670,389.8,0.409,0.701,33,3.85,4.23,2.422,3.09,1910.0,0.83,4.71,5.28
4.53,712,2.36,2228,11.2,0.905,0.753,16,4.36,4.24,1.01,4.9,762.0,2.31,4.46,4.34
17.2,2015,1.98,946,299.9,0.708,0.606,2,3.0,5.92,3.44,2.69,4479.0,0.41,4.24,7.99
8.45,787,1.06,780,347.7,0.483,0.801,2,4.64,5.81,1.691,3.59,1055.4,0.69,5.21,6.55
6.17,712,0.76,1095,412.7,0.542,0.537,36,3.84,3.75,1.234,4.51,821.8,0.55,3.94,4.02
3.69,2407,2.21,2486,28.0,0.669,0.59,16,4.47,2.99,1.01,4.62,2457.0,2.16,4.57,3.09
13.05,2513,0.83,1574,240.1,0.513,0.978,37,3.64,3.64,2.609,3.29,4665.2,0.28,4.36,4.61
14.52,1881,2.21,709,267.7,0.561,0.609,0,2.66,2.61,2.904,2.77,3736.2,0.6,3.32,3.42
3.28,1910,1.48,625,84.6,0.721,0.608,6,3.63,2.57,1.01,4.74,2000.9,1.43,3.73,2.67
11.71,2691,1.31,991,161.2,0.9,0.757,25,3.11,3.88,2.341,3.72,4604.2,0.52,3.61,4.55
6.85,2796,2.31,1469,220.1,0.641,0.983,38,4.09,5.79,1.37,4.55,3395.8,1.7,4.37,6.27
13.97,1647,1.71,1080,416.6,0.83,0.99,18,3.43,5.55,2.794,3.28,3224.1,0.6,4.37,7.11
5.96,2030,1.65,2805,464.7,0.926,0.748,29,4.51,4.29,1.193,4.7,2378.8,1.28,4.61,4.39
14.75,2961,1.62,1711,314.2,0.53,0.401,42,4.03,4.48,2.949,3.25,5798.8,0.43,5.41,5.87
9.57,1252,1.24,729,197.5,0.884,0.94,13,4.05,2.52,1.915,3.87,1926.4,0.57,4.58,2.96
18.92,674,2.07,688,127.0,0.854,0.742,12,2.65,3.25,3.785,2.67,1548.4,0.4,3.6,4.77
5.34,2010,1.01,2557,491.1,0.614,0.62,19,4.95,2.59,1.068,4.9,2077.5,0.93,5.05,2.69
8.8,1112,2.38,1001,491.5,0.994,0.898,25,4.53,5.14,1.76,3.46,1679.9,1.37,5.07,5.92
4.93,769,2.29,2632,462.5,0.558,0.64,26,4.37,3.01,1.01,4.9,831.4,2.24,4.57,3.11
18.72,368,1.17,548,392.8,0.553,0.42,24,2.99,5.54,3.744,2.49,833.0,0.32,4.25,7.86
17.91,1383,1.96,1188,162.9,0.863,0.893,8,3.61,4.75,3.583,2.67,3082.6,0.52,5.18,6.66
7.39,1023,1.65,886,408.5,0.661,0.728,40,2.41,3.3,1.477,3.74,1448.7,1.14,2.56,3.51
14.22,1225,1.18,1469,204.4,0.598,0.603,11,3.62,3.05,2.844,3.01,2473.9,0.32,4.59,3.89
16.89,1629,2.48,1505,163.4,0.507,0.551,9,2.44,4.7,3.379,2.83,3612.4,0.7,3.31,6.53
12.44,1858,0.55,2765,372.4,0.859,0.756,5,3.66,5.65,2.488,3.67,3326.1,0.28,4.55,6.97
12.0,1694,1.01,2224,39.8,0.872,0.525,33,3.95,5.01,2.401,3.7,3003.2,0.32,4.72,6.07
7.11,346,1.54,2504,24.3,0.74,0.594,40,3.17,3.72,1.422,4.66,456.6,1.01,3.52,3.82
4.58,1660,1.54,2802,224.0,0.974,0.782,18,3.5,4.56,1.01,4.82,1710.0,1.49,3.6,4.66
18.25,2278,1.68,2783,222.8,0.591,0.929,5,4.63,3.59,3.651,3.11,5147.3,0.46,6.44,4.86
18.31,2500,2.0,2107,447.8,0.532,0.72,1,2.33,6.0,3.661,2.57,5695.1,0.44,3.26,8.57
13.76,2343,1.75,2289,63.1,0.806,0.855,14,4.38,5.12,2.753,3.37,4419.1,0.59,5.57,6.57
8.76,2039,1.7,770,61.6,0.855,0.858,16,2.51,4.65,1.753,3.49,3015.2,0.9,2.71,5.36
8.94,1029,0.61,622,73.7,0.535,0.799,15,2.11,3.98,1.787,3.75,1459.5,0.32,2.33,4.27
15.34,2792,1.25,1780,14.9,0.446,0.548,27,2.56,4.66,3.068,3.32,5649.7,0.34,3.34,6.18
18.25,326,0.96,1944,35.9,0.886,0.92,20,4.3,3.7,3.65,3.06,707.2,0.2,6.08,4.98
18.08,2848,1.03,758,329.9,0.986,0.662,7,3.22,2.6,3.616,2.81,6390.7,0.29,4.59,3.73
16.26,364,1.61,1447,215.8,0.787,0.427,9,4.62,3.88,3.252,3.07,718.5,0.5,6.27,5.15
13.91,1495,0.9,2594,381.8,0.567,0.547,9,3.57,5.76,2.783,2.67,2838.9,0.37,4.47,7.13
4.43,1557,1.09,1362,496.3,0.998,0.859,9,2.07,4.69,1.01,4.9,1607.0,1.01,2.27,4.79
5.75,745,0.97,1024,329.5,0.936,0.441,8,4.15,2.79,1.15,4.78,858.4,0.9,4.38,2.89
18.28,2358,2.4,1387,25.2,0.708,0.488,27,2.33,5.6,3.655,2.21,5359.7,0.53,3.16,7.89
13.31,1518,2.39,707,52.3,0.895,0.817,23,4.37,3.44,2.662,2.68,2804.1,0.8,5.34,4.36
3.16,1573,1.72,648,440.5,0.889,0.936,18,2.5,3.35,1.01,4.58,1637.4,1.67,2.6,3.45
4.73,1487,2.35,937,263.7,0.961,0.78,32,3.04,3.54,1.01,4.9,1548.1,2.3,3.14,3.74
14.28,1999,2.07,2702,412.4,0.905,0.533,3,4.28,4.52,2.856,2.6,3864.9,0.59,5.62,5.73
3.09,2604,1.68,2221,428.3,0.786,0.432,2,4.86,4.41,1.01,4.9,2736.3,1.59,4.98,4.51
5.73,2872,0.51,857,463.8,0.766,0.769,41,3.11,4.22,1.147,4.53,3187.7,0.44,3.32,4.43
12.33,1349,2.05,1740,474.9,0.68,0.428,11,4.49,5.01,2.466,3.23,2387.7,0.81,5.38,6.14
14.76,1081,1.9,2430,277.4,0.776,0.768,17,2.57,3.61,2.952,3.12,2266.1,0.68,3.36,4.48
14.08,1254,1.73,955,170.5,0.877,0.535,22,4.42,5.24,2.817,3.16,2514.4,0.61,5.54,6.8
6.81,687,2.02,2132,480.9,0.981,0.943,19,3.97,3.11,1.363,4.3,980.0,1.51,4.07,3.21
15.11,575,1.53,1128,273.7,0.68,0.685,5,2.58,5.24,3.021,2.84,1236.1,0.5,3.43,6.7
7.03,1921,1.91,985,32.1,0.744,0.534,33,2.91,4.82,1.407,4.11,2403.3,1.39,3.01,4.96
8.53,1085,2.37,699,321.4,0.667,0.912,41,2.4,4.89,1.706,4.19,1521.4,1.23,2.72,5.24
15.69,2303,1.25,870,293.8,0.801,0.552,1,3.15,4.19,3.138,2.65,4789.3,0.44,4.22,5.34
14.04,1341,1.92,1513,447.9,0.778,0.584,29,2.61,4.83,2.809,2.74,2703.3,0.59,3.44,5.97
17.44,289,1.45,2482,326.6,0.411,0.901,8,3.93,2.78,3.487,2.92,706.2,0.45,5.25,3.79
14.18,1540,1.85,1971,174.5,0.725,0.585,26,4.98,5.48,2.836,2.83,3080.6,0.5,6.47,6.89
12.66,1080,2.03,747,483.1,0.453,0.646,41,2.04,2.69,2.532,3.49,1946.1,0.77,2.7,3.16
4.59,1798,0.59,1287,400.8,0.416,0.609,33,3.62,3.02,1.01,4.8,1848.0,0.54,3.77,3.12
9.25,1815,1.79,2811,315.2,0.875,0.47,39,3.72,4.52,1.85,3.88,2797.5,1.01,4.3,4.99
7.51,2693,0.95,2578,146.5,0.555,0.423,23,4.74,5.09,1.502,3.63,3573.5,0.66,5.16,5.28
7.15,140,1.84,2021,186.8,0.604,0.835,16,3.52,2.77,1.43,4.07,321.3,1.22,3.71,2.91
19.54,2454,1.44,1772,335.0,0.438,0.787,28,3.63,5.72,3.908,2.37,5857.5,0.33,5.31,8.14
9.68,1042,2.05,1104,36.0,0.508,0.569,35,3.41,5.91,1.937,3.91,1614.6,0.96,3.98,6.66
18.16,437,0.75,2189,128.3,0.859,0.577,11,2.81,4.62,3.633,3.09,1034.9,0.2,3.97,6.42
13.73,1437,1.75,1917,357.0,0.696,0.967,30,2.17,4.18,2.746,2.98,2831.8,0.53,2.85,5.35
16.51,1198,1.06,2320,240.0,0.928,0.993,8,3.23,5.09,3.302,3.08,2588.0,0.23,4.32,6.9
11.54,2426,2.21,1001,201.2,0.638,0.684,18,2.16,3.65,2.309,3.49,4093.9,0.89,2.43,4.54
12.81,995,2.36,1048,75.7,0.561,0.881,45,3.65,4.23,2.561,3.59,1828.3,0.92,4.53,5.22
11.37,2420,2.49,1865,220.9,0.609,0.842,45,2.92,5.71,2.275,3.63,4097.9,1.09,3.39,6.79
6.32,2984,2.09,1338,385.3,0.828,0.578,16,3.6,5.84,1.264,4.03,3423.6,1.53,3.7,5.96
15.28,2767,2.01,1930,132.0,0.733,0.435,1,2.4,5.74,3.056,3.07,5661.1,0.5,2.95,7.62
7.77,1774,0.93,1948,2.7,0.943,0.486,39,4.8,3.42,1.555,4.05,2309.2,0.52,5.15,3.56
3.41,1030,1.17,1347,334.3,0.761,0.903,4,4.68,3.31,1.01,4.49,1080.0,1.11,4.81,3.41
13.97,388,1.43,1113,486.3,0.696,0.839,38,2.57,3.54,2.795,2.74,848.5,0.38,3.28,4.46
6.01,823,2.05,911,303.4,0.871,0.799,15,3.03,4.04,1.202,4.9,966.9,1.65,3.13,4.23
18.99,2419,2.33,2979,60.0,0.969,0.478,16,3.84,3.6,3.798,2.99,5688.0,0.55,5.44,5.28
19.22,2053,0.88,1177,160.4,0.614,0.784,26,2.29,3.81,3.843,2.85,4780.9,0.22,3.18,5.61
18.55,1189,2.34,658,433.8,0.55,0.863,6,3.06,4.67,3.711,3.08,2839.8,0.56,4.3,6.44
9.29,582,1.89,2561,116.3,0.77,0.916,7,2.75,5.17,1.859,3.97,849.2,0.92,3.07,5.74
3.26,1035,1.72,872,303.8,0.699,0.408,7,4.75,5.07,1.01,4.49,1085.0,1.67,4.93,5.21
18.78,2395,0.9,2772,201.3,0.994,0.811,22,4.56,5.35,3.756,2.37,5601.3,0.28,6.26,7.57
10.28,255,0.61,1596,103.9,0.677,0.411,31,3.74,2.61,2.056,3.02,500.5,0.25,4.41,3.01
19.43,1170,1.64,1102,406.7,0.445,0.824,42,3.56,2.67,3.887,2.13,2729.6,0.28,5.24,3.91
19.38,2058,1.8,715,371.4,0.986,0.781,17,4.79,5.26,3.876,2.26,4946.6,0.37,7.04,7.57
17.5,2601,0.92,2496,330.8,0.906,0.489,37,4.8,4.37,3.5,2.68,5741.6,0.2,6.47,6.19
8.01,2348,1.61,2064,118.2,0.507,0.86,11,4.91,4.52,1.601,4.3,3291.3,0.95,5.36,4.96
9.55,1783,2.21,2340,48.9,0.943,0.441,14,2.38,2.68,1.909,3.98,2722.2,1.02,2.52,3.04
17.47,223,2.17,2462,288.1,0.604,0.896,27,2.48,3.39,3.494,2.79,531.8,0.54,3.41,4.68
8.39,2148,2.35,1226,276.8,0.626,0.557,37,4.03,4.73,1.678,4.29,3007.8,1.28,4.29,5.34
5.88,1067,1.23,1744,94.2,0.944,0.813,30,3.62,5.51,1.176,4.61,1197.9,1.08,3.86,5.7
12.47,954,1.14,1565,28.1,0.718,0.954,8,2.06,5.71,2.493,3.56,1745.3,0.32,2.36,7.05
18.91,739,2.0,1175,40.4,0.483,0.604,7,2.19,4.25,3.783,2.52,1737.9,0.47,3.1,6.21
14.83,2338,1.36,782,496.4,0.621,0.702,45,4.66,4.41,2.967,2.68,4570.5,0.35,6.05,5.76
12.69,1702,0.68,1581,391.8,0.833,0.678,18,4.61,5.42,2.538,3.55,3048.5,0.2,5.86,6.62
4.65,2663,1.07,2408,461.0,0.505,0.495,7,3.07,4.38,1.01,4.86,2713.0,1.02,3.17,4.48
13.46,541,1.34,1652,97.5,0.754,0.754,33,4.67,4.31,2.691,3.05,1127.9,0.48,5.77,5.47
19.83,2044,1.09,1447,480.3,0.817,0.846,3,3.78,5.67,3.966,2.34,4905.5,0.2,5.36,8.0
5.38,1938,1.16,1164,71.3,0.606,0.95,30,4.42,5.26,1.076,4.9,2131.9,1.11,4.52,5.36
11.81,1929,1.09,2217,254.5,0.816,0.91,37,3.28,5.68,2.362,3.75,3442.5,0.44,4.06,6.94
17.92,2290,0.58,1648,414.8,0.931,0.706,2,2.34,3.26,3.583,2.17,5163.3,0.2,3.32,4.53
15.59,632,1.77,566,174.9,0.683,0.831,34,3.3,4.34,3.119,3.23,1433.1,0.49,4.39,5.82
14.85,2374,1.69,2553,212.4,0.63,0.88,18,3.37,5.45,2.97,2.41,4699.8,0.59,4.18,7.04
14.94,1436,1.81,1136,64.1,0.551,0.696,42,3.65,2.89,2.988,2.76,2833.7,0.49,4.85,3.94
9.11,1048,0.88,813,61.5,0.763,0.469,28,2.32,5.28,1.822,3.37,1555.6,0.44,2.66,5.85
7.99,2119,1.09,1064,309.8,0.928,0.663,9,4.97,3.14,1.598,4.21,2884.7,0.62,5.61,3.26
16.76,559,1.74,2101,337.8,0.595,0.905,11,2.73,5.33,3.352,2.28,1319.5,0.51,3.73,7.18
16.77,650,1.7,1325,388.7,0.638,0.758,45,2.6,4.64,3.354,2.78,1446.9,0.53,3.43,6.3
17.74,492,1.51,1605,278.3,0.644,0.835,29,3.58,3.18,3.548,2.45,1094.1,0.45,4.9,4.33
18.53,1887,1.2,1525,322.9,0.736,0.511,29,3.61,4.16,3.705,2.23,4376.8,0.34,4.95,5.74
11.69,944,2.33,2751,6.8,0.537,0.979,17,3.32,4.89,2.339,3.54,1656.5,1.01,4.08,5.94
11.53,2357,1.18,1161,81.1,0.893,0.642,23,4.32,4.72,2.305,3.01,3954.8,0.51,5.24,5.59
16.57,1238,1.41,1304,492.5,0.577,0.792,31,3.55,4.0,3.314,2.47,2683.3,0.43,4.66,5.43
14.05,745,1.86,2951,38.0,0.823,0.411,8,3.83,5.65,2.81,2.76,1553.3,0.69,4.73,7.29
14.93,2366,1.59,1035,339.4,0.708,0.476,23,4.17,4.32,2.987,2.98,4806.7,0.38,5.25,5.71
16.53,2554,1.19,1891,88.0,0.752,0.869,25,2.08,4.27,3.306,2.91,5459.5,0.35,2.96,5.7
18.13,1566,1.37,1735,358.4,0.508,0.981,2,3.71,2.72,3.626,2.14,3528.4,0.38,5.07,3.82
8.75,1477,2.09,2420,353.0,0.841,0.592,22,4.65,5.73,1.749,3.52,2062.2,1.21,5.11,6.35
9.38,2705,1.06,2664,117.1,0.513,0.422,10,2.05,3.12,1.877,3.58,4053.3,0.61,2.23,3.68
4.6,2697,0.78,1127,134.8,0.468,0.617,9,3.22,4.35,1.01,4.81,2814.2,0.73,3.32,4.51
12.83,241,1.13,1248,327.4,0.728,0.41,35,4.78,5.31,2.566,3.51,456.4,0.49,5.99,6.5
3.61,2759,2.2,604,195.0,0.826,0.515,12,3.06,3.25,1.01,4.9,2809.0,2.15,3.21,3.35
10.92,600,0.68,545,97.3,0.43,0.851,28,3.38,4.35,2.183,3.51,1113.7,0.2,3.85,4.98
12.22,939,2.48,1854,365.8,0.442,0.962,37,4.94,3.34,2.445,3.04,1756.2,0.83,6.09,4.01
7.87,2849,1.58,1739,77.1,0.882,0.452,12,2.6,5.16,1.574,4.19,3860.9,0.97,2.76,5.63
13.04,1782,2.47,1481,427.8,0.885,0.735,25,2.2,4.48,2.609,3.44,3222.1,0.85,2.92,5.62
3.52,1665,2.38,1459,257.3,0.547,0.552,19,4.58,5.5,1.01,4.9,1715.0,2.33,4.68,5.6
3.63,2146,1.41,2015,52.9,0.769,0.483,4,4.61,5.63,1.01,4.9,2196.0,1.36,4.71,5.73
16.98,1630,0.9,2336,347.0,0.666,0.531,19,3.42,4.77,3.397,2.96,3573.6,0.32,4.65,6.66
9.12,695,0.83,2996,259.6,0.78,0.747,13,3.54,5.04,1.825,3.77,985.2,0.4,3.84,5.72
5.16,2004,0.98,1981,149.0,0.918,0.439,44,4.51,4.42,1.032,4.73,2162.4,0.93,4.61,4.52
11.88,380,1.92,2059,211.3,0.448,0.661,13,4.22,3.85,2.376,3.49,801.2,0.82,5.16,4.67
16.09,523,1.05,2007,149.2,0.867,0.481,7,2.8,4.77,3.218,2.49,1109.0,0.29,3.82,6.37
6.67,369,1.18,2563,131.5,0.696,0.564,12,2.05,5.68,1.334,4.61,482.5,0.85,2.15,6.11
13.59,253,1.4,2500,81.8,0.738,0.514,23,3.44,3.96,2.718,3.34,565.0,0.52,4.4,4.92
4.45,2761,2.33,2790,181.4,0.792,0.93,14,4.58,3.6,1.01,4.9,2915.7,2.28,4.68,3.7
3.88,1850,0.88,2473,125.5,0.954,0.825,0,4.69,3.86,1.01,4.9,1990.4,0.83,4.79,3.96
12.03,761,0.51,1411,341.7,0.434,0.921,21,4.87,4.02,2.407,2.92,1279.1,0.2,5.93,4.88
12.19,2067,0.62,1794,341.9,0.418,0.63,33,4.64,2.76,2.438,2.8,3591.7,0.2,5.71,3.44
13.84,182,2.31,2302,250.9,0.507,0.588,39,3.74,4.24,2.767,3.25,444.8,0.68,4.61,5.19
15.34,1549,1.8,2253,389.0,0.992,0.628,2,3.33,4.23,3.069,3.24,3209.5,0.48,4.28,5.57
19.59,1398,1.05,614,420.7,0.829,0.411,25,4.32,4.56,3.918,2.68,3258.8,0.2,6.19,6.4
11.78,2431,0.85,2103,289.9,0.769,0.835,13,4.22,3.77,2.355,2.9,4203.1,0.36,5.06,4.46
8.49,1079,1.09,1822,309.5,0.428,0.61,40,3.61,4.65,1.698,4.27,1608.4,0.7,4.1,5.2
16.52,2320,0.73,2360,141.4,0.927,0.588,7,2.26,5.57,3.304,3.24,4889.9,0.23,2.99,7.36
7.6,2910,2.38,2944,447.4,0.888,0.759,15,4.78,5.84,1.521,3.99,3906.0,1.59,5.02,6.22
10.46,1759,2.07,2941,12.1,0.799,0.662,41,3.37,4.54,2.093,3.55,2751.1,0.97,3.82,5.37
4.33,1498,1.42,1598,174.3,0.603,0.989,20,3.09,2.65,1.01,4.9,1613.8,1.37,3.19,2.75
3.43,732,2.23,1477,360.9,0.442,0.614,9,3.89,5.89,1.01,4.9,809.7,2.18,3.99,5.99
19.37,1631,1.0,2005,40.0,0.748,0.768,24,4.02,4.97,3.873,3.01,3814.8,0.2,5.74,7.14
17.21,886,1.93,1626,91.6,0.832,0.587,37,2.63,3.68,3.442,2.31,2012.7,0.57,3.68,4.88
14.83,497,2.21,796,294.6,0.457,0.994,21,4.51,3.02,2.966,2.98,1087.1,0.75,5.81,3.81
9.95,1243,1.21,2725,280.0,0.78,0.667,45,2.87,3.0,1.99,3.74,2048.0,0.56,3.45,3.43
5.95,1033,2.01,2862,369.5,0.572,0.78,3,2.56,3.09,1.189,4.9,1174.7,1.57,2.83,3.19
5.66,1560,1.09,1562,406.3,0.859,0.476,3,3.22,2.66,1.132,4.9,1772.8,1.01,3.35,2.91
7.25,1952,1.1,758,64.3,0.724,0.84,29,4.19,5.66,1.451,4.63,2533.7,0.69,4.62,5.91
12.34,2823,0.71,2554,9.2,0.477,0.562,1,4.9,4.39,2.467,3.2,5019.3,0.2,5.98,5.47
15.15,2612,1.38,2596,344.8,0.716,0.669,28,4.43,4.95,3.03,3.2,5350.1,0.47,5.95,6.59
14.22,385,1.96,2708,150.7,0.637,0.93,42,4.82,5.4,2.845,2.89,690.6,0.62,6.29,7.09
7.76,364,2.38,2392,313.0,0.508,0.982,35,2.42,5.27,1.552,3.94,485.5,1.51,2.82,5.68
19.23,2467,1.71,675,75.3,0.905,0.655,20,2.21,5.59,3.847,2.3,5783.5,0.47,3.21,8.13
15.54,2820,2.23,1500,234.5,0.407,0.901,20,3.67,5.89,3.109,3.15,5715.3,0.65,4.95,7.93
12.42,2967,2.14,2418,252.2,0.587,0.432,20,2.87,4.04,2.485,3.66,5372.1,0.79,3.53,4.8
13.4,2236,0.85,2167,292.5,0.408,0.909,3,4.48,5.83,2.68,2.81,4219.9,0.24,5.52,7.29
10.13,1777,1.47,775,256.6,0.458,0.778,0,4.02,5.03,2.027,3.07,2808.8,0.64,4.58,5.63
7.21,1326,0.73,1175,247.8,0.578,0.693,25,4.91,2.75,1.442,4.48,1780.0,0.55,5.4,2.98
9.05,920,1.86,2323,166.4,0.433,0.934,1,2.76,4.89,1.81,3.84,1373.3,0.96,2.92,5.51
15.88,1862,2.4,1551,35.6,0.758,0.907,8,3.46,4.9,3.177,3.27,3896.3,0.61,4.62,6.39
3.24,2481,0.77,1856,44.8,0.452,0.578,44,3.5,5.67,1.01,4.73,2531.0,0.68,3.6,5.8
4.97,2369,1.97,2603,216.9,0.821,0.875,17,2.72,3.81,1.01,4.55,2419.0,1.92,2.82,3.91
3.78,140,1.76,1046,177.9,0.432,0.46,41,3.77,4.55,1.01,4.9,190.0,1.71,3.93,4.68
3.69,1831,1.67,1635,258.1,0.436,0.894,40,3.33,2.54,1.01,4.56,1930.4,1.62,3.48,2.64
17.54,167,1.28,2583,152.4,0.583,0.805,10,3.34,3.66,3.509,2.43,411.8,0.32,4.64,5.1
14.96,1087,1.21,2540,344.0,0.938,0.453,24,3.09,2.72,2.992,2.52,2166.8,0.29,3.92,3.36
11.06,1899,0.59,938,432.0,0.785,0.81,25,2.05,4.33,2.212,3.09,3162.7,0.25,2.41,5.01
4.66,2661,0.94,2252,149.4,0.862,0.748,35,3.57,5.36,1.01,4.58,2711.0,0.89,3.67,5.46
11.36,1721,0.53,2115,96.5,0.485,0.757,41,3.01,3.22,2.271,3.77,3008.9,0.2,3.52,3.75
11.05,1755,1.66,2349,58.1,0.9,0.575,34,2.0,4.35,2.21,3.14,2841.5,0.73,2.21,5.14
5.94,1378,0.71,2100,308.1,0.405,0.56,37,2.92,3.21,1.189,4.53,1658.4,0.61,3.02,3.47
10.38,794,2.25,2163,221.9,0.528,0.858,2,2.84,2.92,2.075,3.87,1305.3,1.06,3.21,3.21
9.77,2624,1.55,806,94.0,0.77,0.554,40,3.18,4.29,1.955,3.75,4063.3,0.67,3.7,5.03
13.47,1185,1.9,1118,326.6,0.625,0.668,34,2.4,2.78,2.694,3.16,2212.0,0.73,2.93,3.31
13.8,2579,1.32,1632,74.2,0.991,0.817,39,3.52,4.56,2.759,3.22,5006.9,0.46,4.43,5.61
3.77,1793,1.62,1895,277.2,0.418,0.448,21,4.08,2.61,1.01,4.9,1843.0,1.57,4.18,2.71
9.37,2415,2.39,2904,263.6,0.999,0.757,7,3.89,2.87,1.874,4.03,3643.4,1.14,4.6,3.45
13.64,1158,0.67,2728,367.1,0.774,0.754,14,4.41,4.42,2.728,3.17,2316.9,0.27,5.56,5.44
11.55,878,1.01,1879,27.6,0.735,0.811,44,3.36,4.57,2.311,3.68,1608.2,0.46,3.83,5.63
17.56,593,2.06,2199,443.9,0.436,0.622,6,3.56,2.6,3.512,2.7,1357.5,0.5,4.91,3.78
14.2,1685,0.7,2615,351.5,0.564,0.669,18,4.43,4.51,2.84,2.74,3383.1,0.2,5.8,5.7
5.77,1592,0.65,2839,108.1,0.955,0.598,39,3.28,5.43,1.154,4.9,1831.3,0.59,3.47,5.61
4.2,1890,1.22,680,91.7,0.613,0.885,41,4.1,5.03,1.01,4.9,1940.0,1.13,4.2,5.15
13.92,760,0.68,2981,215.8,0.797,0.478,16,3.3,2.96,2.784,3.4,1472.4,0.27,4.04,3.71
3.45,1448,1.67,1987,408.8,1.0,0.978,0,3.25,4.57,1.01,4.52,1498.0,1.56,3.35,4.67
12.96,1427,0.95,1413,421.5,0.558,0.781,44,4.28,4.85,2.592,3.0,2606.5,0.27,5.41,5.98
18.98,1399,2.29,2057,260.2,0.746,0.932,28,2.52,2.63,3.797,3.01,3322.8,0.56,3.61,3.84
12.78,2086,2.07,2613,430.4,0.818,0.656,12,3.02,5.49,2.557,2.88,3817.5,0.66,3.88,6.89
9.6,2144,1.9,1544,2.7,0.499,0.599,28,2.67,5.67,1.92,4.05,3180.6,1.02,2.95,6.35
13.94,2028,1.73,2135,17.6,0.489,0.94,40,3.08,5.48,2.787,3.45,3974.0,0.64,3.8,6.81
10.79,1447,2.23,2931,455.9,0.674,0.459,41,2.69,5.39,2.158,3.79,2349.6,0.98,3.31,6.49
12.28,1158,0.95,2138,387.7,0.631,0.47,5,3.74,5.11,2.455,3.25,2179.4,0.42,4.6,6.04
19.0,1076,2.25,2082,225.4,0.829,0.58,4,4.39,4.72,3.801,2.71,2619.7,0.59,6.04,6.79
9.56,581,2.08,2586,376.8,0.442,0.976,33,4.36,4.88,1.913,3.98,1009.5,0.97,4.9,5.36
19.34,827,2.0,1808,477.8,0.983,0.78,10,3.09,5.32,3.868,2.82,2038.4,0.52,4.57,7.75
18.39,2627,1.62,1321,386.0,0.409,0.733,8,4.97,4.82,3.678,2.74,5923.1,0.33,6.77,6.92
6.33,1131,0.99,1101,421.2,0.761,0.823,37,3.78,3.65,1.266,4.9,1367.0,0.75,3.88,3.75
4.18,442,1.35,2120,380.3,0.738,0.65,39,3.2,3.82,1.01,4.9,492.0,1.3,3.3,3.92
4.71,1547,2.09,1284,84.1,0.481,0.855,40,4.51,5.64,1.01,4.9,1597.0,2.04,4.68,5.74
3.31,2479,0.56,1711,416.8,0.491,0.636,8,4.19,2.56,1.01,4.53,2566.7,0.46,4.36,2.66
4.61,2585,2.06,1170,97.6,0.876,0.896,7,4.25,4.95,1.01,4.61,2635.0,2.0,4.35,5.05
14.61,2321,0.98,1766,446.3,0.933,0.56,43,2.59,5.84,2.922,2.88,4680.7,0.32,3.36,7.59
4.21,2706,0.79,1596,229.3,0.57,0.567,39,3.4,4.97,1.01,4.86,2856.6,0.74,3.5,5.07
8.42,626,0.73,2497,338.5,0.663,0.713,2,4.59,5.98,1.685,4.14,893.4,0.47,4.95,6.54
17.36,1996,0.55,600,248.6,0.613,0.658,12,3.51,4.91,3.473,2.34,4398.9,0.2,4.94,6.84
3.4,758,1.55,2279,47.0,0.444,0.789,18,4.05,2.62,1.01,4.9,808.0,1.48,4.15,2.72
16.85,2173,0.94,675,145.4,0.804,0.619,33,3.76,5.39,3.369,2.54,4769.1,0.2,5.1,7.24
7.79,919,2.48,737,491.9,0.895,0.538,31,4.53,3.5,1.558,3.93,1300.3,1.55,4.96,3.85
5.01,2752,1.65,1622,480.4,0.583,0.682,15,2.85,4.06,1.01,4.75,2802.0,1.6,2.95,4.17
14.84,505,0.78,2477,160.2,0.994,0.737,35,3.73,3.59,2.969,2.98,1036.3,0.2,4.83,4.69
13.69,2379,1.88,2503,498.1,0.446,0.486,17,2.37,3.44,2.738,2.58,4500.9,0.59,3.02,4.23
17.92,2680,2.3,2037,422.8,0.797,0.734,13,4.07,4.01,3.583,2.29,6092.6,0.52,5.75,5.36
15.5,1673,1.99,1254,305.5,0.669,0.592,29,4.2,3.83,3.099,3.09,3377.6,0.5,5.41,5.15
16.66,1911,0.65,2758,20.1,0.668,0.635,1,2.13,4.72,3.332,2.43,4022.4,0.2,2.79,6.5
7.79,604,2.29,1646,450.7,0.675,0.568,12,4.03,5.35,1.559,3.74,923.3,1.46,4.39,5.87
6.02,278,2.09,1911,278.7,0.555,0.959,26,3.24,3.54,1.203,4.85,441.4,1.72,3.54,3.64
15.76,231,0.82,639,434.2,0.829,0.81,16,2.37,3.25,3.152,2.41,597.8,0.3,3.03,4.33
16.72,1946,0.6,1040,417.2,0.833,0.557,30,3.26,4.83,3.343,2.67,4189.8,0.2,4.6,6.66
19.84,1578,1.61,1914,416.5,0.569,0.787,14,2.58,4.85,3.968,2.03,3816.1,0.34,3.82,6.96
10.01,2495,0.81,769,349.1,0.901,0.909,19,3.25,5.65,2.003,3.38,3914.0,0.4,3.87,6.38
9.32,2687,2.17,1535,145.7,0.59,0.641,4,3.15,2.56,1.865,3.86,3930.5,1.13,3.4,2.92
16.2,871,1.22,2390,168.1,0.835,0.898,6,4.22,5.49,3.24,2.37,1885.1,0.37,5.55,7.46
8.79,1529,2.33,1005,154.2,0.473,0.493,17,4.32,4.32,1.759,4.16,2128.7,1.3,4.64,4.64
18.82,2223,1.63,1629,10.0,0.501,0.894,10,3.82,4.67,3.765,2.99,5105.5,0.41,5.35,6.65
17.59,678,0.87,2579,291.3,0.589,0.724,31,2.07,2.82,3.519,2.27,1624.8,0.2,3.04,3.94
10.29,1615,0.78,2372,349.4,0.756,0.534,26,4.79,4.01,2.059,3.98,2546.8,0.39,5.4,4.69
15.76,293,1.65,1592,426.9,0.787,0.644,25,4.06,3.3,3.153,2.61,738.5,0.51,5.39,4.42
15.83,2107,2.02,1312,70.1,0.638,0.993,36,2.1,3.39,3.165,2.39,4329.5,0.67,2.59,4.54
4.75,1285,2.06,861,272.1,0.447,0.87,44,4.46,4.26,1.01,4.48,1335.0,2.01,4.56,4.36
18.34,2494,1.05,1956,4.0,0.624,0.745,27,2.6,5.34,3.669,2.52,5695.4,0.29,3.52,7.38
11.59,1484,0.91,1428,47.5,0.813,0.469,1,3.74,5.1,2.318,3.41,2612.0,0.36,4.33,6.16
17.05,1892,0.53,599,27.1,0.803,0.651,19,3.4,4.57,3.41,2.54,4123.0,0.21,4.56,6.03
8.44,1210,1.86,2181,362.7,0.496,0.558,3,3.26,4.39,1.688,4.18,1804.9,1.14,3.7,4.89
18.22,2361,0.65,2556,40.5,0.405,0.443,12,4.67,4.0,3.645,2.84,5256.4,0.21,6.36,5.65
9.62,2036,1.34,1552,358.2,0.852,0.725,23,3.31,5.9,1.923,3.46,3198.6,0.68,3.66,6.62
3.18,2720,1.7,1420,124.8,0.464,0.934,37,2.23,4.46,1.01,4.9,2770.0,1.6,2.33,4.56
18.39,879,2.37,2937,438.9,0.449,0.805,39,4.84,3.39,3.678,3.05,2110.7,0.61,6.97,4.76
4.55,361,1.12,1131,406.6,0.402,0.55,44,4.76,3.31,1.01,4.57,411.0,1.07,4.86,3.41
8.43,829,1.0,1181,478.9,0.66,0.744,28,4.05,4.64,1.686,3.66,1265.5,0.62,4.56,5.1
19.15,382,1.81,2704,441.9,0.702,0.966,35,3.4,4.33,3.83,2.52,968.6,0.34,4.91,6.33
19.16,1590,1.74,2882,466.7,0.783,0.834,1,2.28,2.53,3.832,2.55,3666.8,0.43,3.1,3.57
12.75,461,1.16,2807,429.4,0.578,0.814,40,4.37,5.41,2.55,3.17,961.1,0.37,5.43,6.71
13.74,540,2.36,2629,346.7,0.826,0.981,17,2.23,4.96,2.748,2.82,1014.9,0.83,2.66,6.08
10.62,2240,2.19,1253,85.1,0.502,0.879,7,2.21,4.82,2.125,3.6,3586.5,0.9,2.54,5.46
7.98,1744,0.95,1964,135.9,0.899,0.482,14,3.61,2.74,1.597,4.1,2449.5,0.6,3.96,2.84
8.59,2900,0.98,1219,106.4,0.743,0.609,40,2.48,3.77,1.717,3.89,4037.5,0.5,2.77,4.28
14.43,966,1.52,574,301.8,0.75,0.979,16,2.02,5.77,2.887,2.56,1868.2,0.38,2.44,7.35
15.79,1547,2.05,1793,251.8,0.526,0.694,22,3.27,5.52,3.158,2.79,3224.9,0.6,4.14,7.2
16.46,241,0.59,2422,433.5,0.444,0.467,1,2.41,3.5,3.291,2.61,623.5,0.2,3.36,4.8
16.42,1414,1.89,561,476.3,0.679,0.675,5,2.48,3.05,3.285,2.75,2952.9,0.54,3.42,3.96
4.55,1555,1.8,1373,202.4,0.769,0.818,28,2.23,4.07,1.01,4.9,1624.2,1.75,2.33,4.17
11.41,2896,0.96,819,253.2,0.457,0.999,26,2.62,3.75,2.281,3.29,4941.0,0.48,2.97,4.44
3.98,1975,1.86,2649,485.8,0.97,0.594,36,4.15,4.89,1.01,4.49,2109.4,1.79,4.31,4.99
12.34,1947,2.38,1952,138.1,0.988,0.708,33,4.43,5.88,2.468,3.12,3561.8,0.94,5.51,7.21
10.51,1812,0.59,1373,396.2,0.727,0.928,17,3.36,3.77,2.101,3.77,2989.0,0.23,4.11,4.33
18.09,2800,1.14,2245,112.6,0.97,0.613,41,3.52,2.72,3.618,2.91,6335.4,0.36,4.8,3.74
8.97,800,1.38,2802,340.7,0.508,0.466,9,2.1,5.64,1.793,3.75,1189.1,0.78,2.34,6.46
4.99,1097,2.3,2055,126.8,0.415,0.969,37,2.21,2.63,1.01,4.72,1147.0,2.19,2.31,2.79
5.43,2196,2.42,611,441.9,0.424,0.693,43,2.77,5.83,1.086,4.76,2404.4,2.2,2.87,6.04
15.95,1425,1.39,960,280.7,0.753,0.702,16,3.63,4.83,3.189,2.86,3090.3,0.36,4.67,6.56
13.51,980,2.0,1386,93.0,0.437,0.773,12,4.22,5.8,2.702,3.54,1921.3,0.73,5.15,7.3
4.72,1313,1.56,1615,112.2,0.975,0.402,41,3.82,3.2,1.01,4.9,1363.0,1.51,3.92,3.3
4.43,1259,1.58,1575,246.9,0.485,0.959,26,3.18,2.64,1.01,4.9,1316.1,1.53,3.28,2.74
14.92,654,1.06,1019,480.8,0.583,0.617,1,2.35,4.21,2.983,2.89,1367.9,0.34,3.05,5.58
4.24,503,0.93,1311,384.8,0.894,0.638,33,4.34,4.08,1.01,4.83,594.1,0.88,4.44,4.18
16.97,991,1.08,2783,244.2,0.531,0.504,30,3.09,3.66,3.394,3.03,2221.1,0.37,4.35,4.82
15.01,701,1.61,2424,168.9,0.546,0.627,22,4.21,5.85,3.001,2.88,1454.9,0.47,5.57,7.73
4.38,1930,0.56,2104,274.6,0.785,0.882,6,3.54,5.38,1.01,4.9,1980.0,0.51,3.64,5.49
4.44,440,2.31,1426,374.2,0.566,0.88,37,4.22,4.82,1.01,4.9,581.2,2.26,4.42,4.95
19.77,2068,0.81,1056,392.0,0.53,0.961,32,4.72,3.07,3.955,2.08,4972.9,0.26,6.8,4.31
9.36,803,0.94,2781,162.3,0.553,0.642,11,4.76,5.07,1.873,3.84,1185.8,0.39,5.23,5.64
9.3,417,1.54,1555,360.6,0.694,0.825,44,3.61,5.04,1.86,3.21,629.1,0.74,4.27,5.61
16.82,2765,1.92,1078,328.9,0.98,0.704,11,3.53,3.99,3.364,2.48,6035.6,0.47,4.6,5.4
19.1,1486,0.69,1041,479.6,0.899,0.882,18,2.8,5.74,3.821,2.41,3561.9,0.2,4.0,8.02
19.76,2529,1.14,2661,465.5,0.571,0.828,8,4.81,3.08,3.952,2.75,6001.2,0.2,6.86,4.4
15.81,2380,2.44,2751,394.7,0.618,0.621,9,3.37,3.44,3.161,2.81,4844.3,0.69,4.47,4.42
9.4,1900,1.02,1552,361.7,0.679,0.602,16,2.38,2.72,1.879,3.18,2778.1,0.54,2.72,2.99
4.42,1467,1.13,973,137.0,0.987,0.551,39,3.3,5.28,1.01,4.9,1517.0,1.08,3.4,5.38
16.21,1672,2.17,2800,423.0,0.503,0.746,38,2.38,4.68,3.242,2.69,3563.4,0.63,3.2,6.39
12.49,916,0.6,1404,213.8,0.614,0.978,40,3.51,3.6,2.499,3.59,1690.3,0.2,4.4,4.22
10.21,652,1.43,2445,136.1,0.838,0.52,9,3.68,3.07,2.042,3.5,1095.5,0.73,4.17,3.58
18.41,955,1.26,885,192.1,0.978,0.457,11,3.01,2.64,3.682,2.81,2250.1,0.39,4.18,3.52
4.89,1912,1.13,561,418.0,0.493,0.472,14,2.21,3.08,1.01,4.69,1962.0,1.08,2.31,3.18
11.37,2966,1.07,1014,74.3,0.536,0.87,30,4.83,4.09,2.275,3.58,4928.7,0.51,5.88,4.95
3.19,282,0.68,929,228.1,0.535,0.61,14,4.32,3.37,1.01,4.9,332.0,0.6,4.42,3.47
10.97,1674,1.13,1079,246.2,0.413,0.535,27,4.52,3.41,2.193,3.78,2716.0,0.54,5.47,4.14
3.96,496,0.59,2060,18.3,0.762,0.612,3,3.1,5.56,1.01,4.51,546.0,0.5,3.2,5.66
5.02,1827,2.06,1664,97.9,0.802,0.787,35,4.28,4.3,1.01,4.9,1916.6,2.01,4.38,4.45
5.0,2926,1.3,1823,413.4,0.762,0.728,0,3.46,5.05,1.01,4.9,3057.3,1.25,3.56,5.15
14.04,1617,1.39,2858,415.4,0.443,0.846,43,2.6,2.62,2.807,2.58,3182.9,0.46,3.17,3.24
15.68,1006,2.29,970,146.2,0.442,0.603,33,2.37,3.78,3.137,2.73,2168.7,0.61,3.15,4.84
12.92,1456,1.82,1916,437.4,0.526,0.671,16,3.04,4.18,2.583,3.55,2718.2,0.67,3.94,5.29
19.36,2274,0.52,2165,385.9,0.574,0.461,38,2.41,3.15,3.871,2.48,5396.2,0.2,3.39,4.4
9.37,100,2.39,1968,209.0,0.872,0.444,37,4.99,2.92,1.875,4.14,152.5,1.27,5.83,3.17
7.86,118,0.97,1308,374.2,0.496,0.677,43,2.15,5.55,1.571,3.55,305.1,0.62,2.25,6.07
17.77,683,0.72,671,480.7,0.426,0.581,32,3.32,5.79,3.553,2.87,1495.2,0.2,4.77,7.84
6.8,555,2.04,530,229.5,0.636,0.768,20,3.36,2.78,1.36,4.37,665.6,1.42,3.46,2.88
19.37,2136,1.5,546,119.2,0.65,0.426,25,2.9,3.72,3.875,2.54,4988.2,0.41,4.32,5.17
3.21,1232,1.37,629,470.9,0.671,0.473,45,3.71,5.85,1.01,4.9,1384.8,1.32,3.81,5.95
19.49,2592,1.0,2899,301.9,0.896,0.919,35,2.45,2.79,3.898,2.16,6213.4,0.23,3.69,4.08
3.73,2052,1.59,1477,52.6,0.459,0.74,4,4.35,4.75,1.01,4.9,2173.8,1.54,4.45,4.85
18.15,2749,1.05,2145,286.3,0.822,0.827,32,3.0,5.9,3.63,2.82,6229.1,0.22,4.1,8.12
11.97,2250,2.3,2104,250.3,0.603,0.905,0,3.77,5.92,2.394,2.99,3936.9,0.84,4.56,7.06
19.88,1087,0.93,557,427.8,0.586,0.678,5,4.15,4.15,3.976,2.91,2719.8,0.2,5.95,6.13
4.25,619,2.27,1629,265.3,0.96,0.857,36,4.67,3.07,1.01,4.9,712.0,2.19,4.77,3.17
12.42,958,1.62,1853,127.6,0.549,0.715,1,4.51,3.21,2.483,3.49,1830.3,0.55,5.7,4.0
19.48,273,2.16,1267,337.8,0.786,0.534,4,3.82,5.61,3.896,2.42,652.0,0.4,5.53,8.03
11.89,1466,1.93,1182,271.3,0.565,0.603,25,3.17,5.69,2.379,3.59,2536.3,0.7,3.91,6.76
13.7,2578,1.89,2508,116.5,0.704,0.694,40,3.51,4.63,2.74,3.16,4961.2,0.59,4.26,6.02
14.83,826,1.15,2833,286.8,0.872,0.59,12,4.31,5.18,2.966,2.54,1609.4,0.44,5.63,6.74
10.73,1810,0.97,2290,410.8,0.929,0.601,11,4.63,5.09,2.145,3.56,3055.8,0.44,5.41,5.82
13.67,1975,0.92,1977,14.3,0.903,0.602,4,2.31,4.82,2.734,2.72,3754.3,0.36,3.07,6.03
12.93,2997,2.21,1385,315.4,0.749,0.474,1,3.15,5.4,2.587,3.02,5563.4,0.69,3.86,6.61
18.32,1781,2.14,896,174.8,0.549,0.451,3,4.33,4.9,3.664,2.28,4027.2,0.43,6.13,6.74
3.77,1447,1.38,2038,146.3,0.797,0.428,26,3.29,4.37,1.01,4.5,1549.2,1.33,3.39,4.55
7.78,1089,0.76,2573,196.3,0.826,0.467,9,3.0,3.33,1.555,3.72,1481.8,0.5,3.15,3.76
19.16,2786,1.26,812,171.0,0.406,0.606,12,3.23,5.1,3.831,2.59,6525.7,0.23,4.56,7.15
18.13,519,1.74,2673,416.1,0.664,0.756,43,3.81,4.16,3.627,2.61,1212.0,0.4,5.23,5.74
10.75,693,1.41,2088,137.4,0.906,0.513,1,5.0,3.53,2.149,3.41,1261.3,0.61,5.76,4.25
13.54,2632,2.06,1721,366.6,0.694,0.933,25,3.48,5.31,2.708,2.79,4994.5,0.76,4.19,6.55
7.72,1874,2.5,1310,47.0,0.587,0.885,14,2.63,4.94,1.543,4.21,2457.9,1.46,2.97,5.38
6.2,2559,0.88,2735,475.7,0.923,0.712,45,2.49,5.78,1.24,4.7,3058.6,0.72,2.59,6.07
10.88,1035,1.42,2532,311.2,0.494,0.835,9,2.13,3.08,2.177,3.25,1691.7,0.65,2.66,3.68
9.01,1207,1.36,2007,353.4,0.524,0.62,21,3.68,4.77,1.801,4.11,1768.0,0.81,3.97,5.43
12.92,1236,1.11,949,149.0,0.812,0.422,39,3.63,3.35,2.584,3.25,2207.8,0.45,4.32,4.23
4.32,431,0.9,2394,206.0,0.611,0.943,24,2.62,5.66,1.01,4.9,563.7,0.84,2.72,5.86
19.56,2802,0.63,1877,111.9,0.828,0.477,14,4.09,2.85,3.913,2.3,6580.5,0.2,5.87,4.03
19.77,2188,2.27,1096,466.3,0.495,0.969,12,4.22,4.8,3.953,2.02,5167.5,0.55,6.09,7.07
14.87,1893,1.34,2647,244.1,0.551,0.743,7,2.78,5.27,2.974,3.26,3874.9,0.45,3.63,6.64
12.11,1058,1.49,1115,315.2,0.494,0.583,20,3.03,3.74,2.423,3.53,1950.5,0.63,3.59,4.46
8.26,204,2.33,1447,367.1,0.972,0.697,20,4.97,5.84,1.652,3.51,257.4,1.42,5.52,6.23
16.83,301,2.05,2081,185.6,0.643,0.701,21,3.12,5.48,3.367,2.6,746.7,0.46,4.23,7.48
14.64,2597,0.76,1055,360.1,0.602,0.414,45,4.28,3.53,2.928,3.08,5215.2,0.2,5.45,4.39
5.76,1942,1.63,777,338.0,0.409,0.613,32,3.36,2.53,1.153,4.81,2088.3,1.45,3.57,2.72
18.49,1966,1.38,2513,352.8,0.492,0.844,44,4.38,3.54,3.697,2.96,4566.5,0.28,6.24,5.03
16.98,2096,2.09,990,244.6,0.653,0.706,26,4.31,3.48,3.397,2.35,4560.4,0.46,5.81,4.55
19.15,1389,1.95,754,191.5,0.441,0.547,39,4.0,5.61,3.829,2.49,3298.6,0.43,5.84,8.08
15.34,1009,1.88,2928,111.0,0.706,0.601,21,4.56,5.88,3.067,2.45,2081.5,0.61,6.15,7.85
13.43,309,1.18,1391,412.3,0.673,0.918,29,4.82,2.75,2.686,2.94,662.5,0.32,6.05,3.51
10.11,662,2.11,1041,304.2,0.86,0.715,8,3.74,4.15,2.022,3.03,984.8,1.01,4.2,4.6
18.86,2860,0.6,1787,222.2,0.796,0.717,44,2.71,4.42,3.771,2.97,6659.0,0.2,4.01,6.4
17.72,1663,0.82,2133,472.0,0.668,0.977,34,3.2,2.83,3.545,2.68,3624.2,0.2,4.29,4.0
3.77,870,1.17,1324,23.9,0.535,0.593,17,4.27,3.82,1.01,4.9,920.0,1.12,4.37,3.92
3.45,2601,0.65,1852,425.1,0.836,0.688,41,3.95,3.61,1.01,4.54,2651.0,0.56,4.05,3.71
9.4,2814,0.97,780,498.8,0.825,0.887,4,2.53,4.38,1.88,3.37,4289.8,0.55,2.96,4.95
16.78,728,2.16,1798,443.5,0.492,0.855,26,2.15,4.81,3.356,2.49,1564.3,0.64,3.08,6.66
19.78,1728,2.4,1272,405.2,0.949,0.559,5,4.05,4.96,3.957,2.4,4122.9,0.58,5.9,7.06
5.56,1801,1.11,827,187.2,0.439,0.491,31,2.75,2.98,1.111,4.9,1959.7,0.94,2.98,3.08
13.1,486,1.03,2758,115.7,0.433,0.82,7,3.5,5.35,2.62,2.98,991.8,0.36,4.19,6.79
9.48,2035,1.06,1422,367.4,0.512,0.555,38,4.24,4.87,1.895,3.34,3080.6,0.46,4.63,5.34
19.49,2443,1.06,1051,152.3,0.946,0.954,20,3.69,5.61,3.898,2.1,5824.9,0.2,5.33,8.22
17.32,2405,0.57,2573,88.0,0.712,0.478,17,2.25,4.07,3.463,2.27,5192.1,0.2,3.27,5.5
17.25,1204,2.35,2574,393.3,0.873,0.591,13,2.56,5.63,3.45,2.95,2599.2,0.65,3.5,7.7
10.97,367,0.93,1201,156.3,0.537,0.433,14,2.66,5.53,2.194,3.32,659.9,0.31,2.95,6.37
10.05,2566,1.34,2419,457.2,0.694,0.822,41,2.77,4.03,2.01,3.75,4109.6,0.58,3.08,4.81
7.65,2382,0.52,2960,420.3,0.615,0.935,25,3.7,3.83,1.53,4.23,3071.7,0.41,3.89,4.24
3.96,1956,2.22,666,423.8,0.897,0.782,43,3.51,5.76,1.01,4.61,2006.0,2.17,3.61,5.94
17.7,2098,1.96,668,385.8,0.414,0.963,31,2.61,5.0,3.54,2.3,4604.4,0.58,3.42,6.98
16.82,1480,2.39,728,440.4,0.546,0.477,38,2.2,5.75,3.364,2.98,3237.1,0.73,3.15,7.66
20.0,1336,2.06,2502,402.9,0.492,0.453,27,2.51,5.29,3.999,2.72,3206.9,0.45,3.65,7.59
19.94,673,1.13,866,301.3,0.916,0.903,38,4.95,4.63,3.989,2.38,1712.9,0.2,7.24,6.7
12.44,148,1.0,1027,147.9,0.681,0.913,42,3.41,2.91,2.488,2.75,226.0,0.42,3.99,3.6
16.07,1250,1.9,1290,444.1,0.643,0.899,31,4.6,3.52,3.215,2.3,2582.6,0.46,5.95,4.86
19.06,322,1.23,1023,420.3,0.67,0.879,12,4.55,5.89,3.812,2.35,753.2,0.23,6.5,8.33
17.44,1531,1.63,1595,236.4,0.983,0.617,14,3.53,3.62,3.489,2.19,3418.4,0.47,5.01,5.05
7.2,1628,0.51,2168,19.5,0.91,0.53,17,4.12,2.83,1.441,3.9,2132.6,0.33,4.4,3.2
10.66,1919,0.62,2653,319.3,0.824,0.957,38,2.58,4.98,2.132,3.34,3054.8,0.21,3.17,5.68
5.2,2424,1.57,2408,25.3,0.574,0.584,5,4.07,5.07,1.039,4.53,2621.6,1.52,4.21,5.24
19.22,1561,1.63,1805,463.1,0.499,0.639,10,2.82,3.5,3.844,2.15,3639.6,0.42,3.85,4.96
13.3,1230,2.0,632,480.8,0.953,0.82,31,4.5,3.54,2.661,3.46,2360.2,0.61,5.5,4.52
6.89,1781,0.76,2816,94.7,0.654,0.576,39,2.25,4.14,1.377,4.35,2230.4,0.49,2.44,4.29
14.42,2567,1.53,2142,338.2,0.567,0.891,19,4.32,2.58,2.884,3.38,4970.8,0.42,5.52,3.24
13.51,2758,0.89,2388,46.1,0.683,0.442,32,2.3,5.26,2.702,2.89,5252.1,0.27,2.8,6.42
9.09,474,0.69,2270,364.8,0.951,0.875,39,4.64,3.61,1.818,3.89,802.3,0.41,5.18,4.24
4.93,2220,1.32,517,173.6,0.632,0.761,7,2.91,5.49,1.01,4.68,2270.0,1.27,3.01,5.62
14.42,2121,0.83,2277,340.5,0.738,0.744,34,3.96,5.31,2.883,3.06,4179.0,0.29,5.25,6.65
11.85,1153,0.94,616,186.4,0.882,0.675,4,3.46,4.81,2.369,2.88,1978.3,0.27,4.01,6.0
16.13,1989,1.14,1297,72.8,0.656,0.566,34,3.1,3.64,3.226,2.29,4223.6,0.24,4.05,4.89
11.84,1923,1.02,2211,203.1,0.54,0.678,13,3.94,4.31,2.369,3.68,3308.1,0.34,4.76,5.33
17.49,1574,0.68,1252,56.3,0.997,0.67,20,4.84,4.06,3.497,2.73,3561.1,0.2,6.74,5.4
12.38,2342,0.68,2969,288.4,0.974,0.75,23,2.12,3.69,2.476,3.6,4121.4,0.2,2.65,4.46
12.54,1279,0.89,1892,20.5,0.906,0.569,16,4.76,5.47,2.507,2.99,2224.7,0.3,6.01,6.77
17.9,2994,0.6,2597,263.7,0.813,0.447,17,3.83,4.19,3.581,2.47,6648.4,0.2,5.43,5.66
9.86,1164,1.75,1177,443.2,0.577,0.487,33,4.42,5.41,1.972,3.46,1767.5,0.88,5.09,6.2
5.28,2170,1.07,605,418.9,0.948,0.82,11,3.15,2.87,1.056,4.9,2296.4,1.02,3.25,2.97
3.49,459,1.06,1157,441.4,0.565,0.413,15,3.42,2.99,1.01,4.9,509.0,1.01,3.52,3.09
15.84,2707,1.16,2446,461.0,0.88,0.914,3,4.61,5.92,3.167,3.23,5667.2,0.25,6.18,7.77
13.55,2819,1.83,1948,52.3,0.951,0.817,24,3.24,4.56,2.709,2.56,5253.7,0.69,4.21,5.91
14.97,2141,2.24,1595,64.4,0.762,0.861,33,3.6,4.28,2.994,3.1,4340.2,0.76,4.87,5.48
6.62,1241,2.02,1487,278.5,0.882,0.902,27,2.06,4.33,1.324,4.18,1544.7,1.42,2.2,4.43
5.32,1735,1.96,2308,447.0,0.875,0.474,45,2.48,3.25,1.064,4.53,1950.5,1.87,2.58,3.35
3.25,1503,1.47,2282,487.2,0.516,0.893,10,3.93,5.02,1.01,4.9,1662.4,1.42,4.03,5.12
8.96,2043,1.89,945,23.1,0.801,0.703,12,4.15,2.8,1.792,3.74,3065.6,1.0,4.47,3.22
13.03,778,1.61,2448,177.9,0.456,0.931,30,3.75,4.51,2.606,2.73,1517.6,0.52,4.51,5.69
9.67,2587,0.93,2617,106.4,0.705,0.932,24,2.43,4.5,1.934,3.3,3933.7,0.45,2.59,4.94
10.44,106,0.92,2497,378.0,0.497,0.415,38,3.34,5.7,2.087,3.37,268.6,0.41,3.84,6.59
18.37,2568,1.09,2697,320.1,0.65,0.63,9,3.07,4.34,3.674,2.52,5933.2,0.24,4.23,6.19
8.92,1691,2.32,1273,59.9,0.9,0.716,23,3.49,2.98,1.784,3.56,2382.8,1.31,3.95,3.49
11.74,932,1.59,2061,241.8,0.992,0.807,0,4.61,4.5,2.348,2.91,1646.3,0.67,5.56,5.46
16.32,2706,1.97,2175,342.7,0.591,0.572,24,4.33,2.82,3.264,2.27,5661.9,0.48,5.84,3.6
9.74,1910,1.19,1622,389.5,0.719,0.551,27,2.25,3.21,1.948,4.05,2959.3,0.59,2.56,3.63
13.58,1013,1.32,1801,10.0,0.707,0.629,35,4.67,2.61,2.715,3.48,1934.4,0.48,5.78,3.11
17.66,2111,0.75,2086,445.2,0.973,0.701,17,3.42,4.3,3.532,2.64,4710.3,0.2,4.89,6.03
19.14,1542,0.84,2186,284.6,0.687,0.971,5,4.23,2.8,3.828,3.05,3628.5,0.2,5.86,3.81
5.5,1550,2.15,1443,406.0,0.819,0.857,1,2.42,4.14,1.1,4.9,1787.2,2.02,2.63,4.24
18.75,1602,1.67,954,404.0,0.953,0.658,2,4.01,5.77,3.75,2.15,3720.3,0.4,5.59,8.11
11.37,225,1.18,1627,94.9,0.624,0.433,45,2.71,5.02,2.273,2.93,495.2,0.42,3.23,5.96
7.39,2542,2.11,1445,55.1,0.941,0.501,7,3.32,2.77,1.478,4.53,3259.1,1.29,3.42,2.93
10.81,916,0.99,1100,360.6,0.95,0.674,30,2.05,3.28,2.161,3.53,1520.4,0.43,2.24,3.84
19.66,1929,2.45,1224,78.2,0.958,0.888,18,2.45,4.86,3.932,2.86,4583.2,0.55,3.51,7.08
11.37,675,1.19,2780,425.0,0.562,0.628,5,2.28,5.63,2.275,3.71,1134.0,0.45,2.81,6.66
8.59,2472,1.17,1917,363.1,0.64,0.723,13,2.72,2.62,1.718,3.76,3492.5,0.67,2.92,2.92
13.77,1515,1.12,2024,420.9,0.922,0.935,2,2.3,5.34,2.754,2.56,2923.0,0.28,2.93,6.67
7.08,1029,0.74,750,149.5,0.615,0.948,0,4.08,4.47,1.416,3.89,1345.2,0.44,4.24,4.69
4.29,1563,0.72,2044,158.3,0.76,0.529,43,2.09,4.41,1.01,4.54,1650.0,0.67,2.19,4.51
5.19,932,1.8,578,335.6,0.471,0.426,29,3.85,5.85,1.038,4.6,982.0,1.64,4.04,5.95
5.18,1154,2.25,1397,15.7,0.434,0.583,45,2.42,5.12,1.035,4.82,1204.0,2.2,2.58,5.23
5.58,1748,2.08,1280,363.2,0.647,0.817,18,4.84,5.48,1.116,4.35,1944.9,1.77,4.94,5.6
5.36,2000,0.78,725,417.9,0.747,0.971,18,4.8,3.74,1.072,4.5,2065.4,0.73,4.9,3.9
13.89,1557,1.59,1574,207.6,0.636,0.446,8,2.68,4.44,2.779,2.95,2949.9,0.5,3.27,5.6
6.09,2984,0.71,1709,382.4,0.747,0.417,6,3.84,4.65,1.218,4.37,3334.5,0.55,4.15,4.8
8.88,1499,0.59,1557,87.3,0.709,0.93,45,2.08,3.63,1.775,3.72,2110.3,0.37,2.21,4.12
18.25,542,1.81,1302,161.1,0.811,0.849,36,4.8,4.5,3.649,2.55,1215.9,0.44,6.82,6.17
11.06,2222,1.57,1241,487.2,0.79,0.995,40,3.57,3.33,2.211,3.51,3602.9,0.7,4.17,3.89
14.35,656,0.66,2678,493.2,0.655,0.638,6,2.13,3.0,2.87,3.39,1266.9,0.21,2.92,3.89
5.93,1278,0.57,1203,256.3,0.655,0.65,8,3.03,3.81,1.186,4.2,1502.7,0.49,3.13,3.91
6.27,2137,2.48,1926,467.1,0.484,0.503,3,2.23,5.09,1.254,4.06,2423.7,1.99,2.33,5.26
3.69,462,0.56,2870,261.4,0.708,0.47,24,3.18,5.71,1.01,4.9,512.0,0.51,3.28,5.81
5.87,2595,1.39,1114,145.8,0.752,0.747,11,4.01,4.1,1.174,4.62,3001.9,1.19,4.3,4.4
7.74,1357,1.51,828,133.4,0.686,0.619,5,3.41,4.75,1.547,4.29,1890.8,0.99,3.88,5.29
6.01,1941,0.73,1895,464.8,0.595,0.448,17,3.15,2.86,1.202,4.28,2188.4,0.68,3.33,2.96
4.51,2409,0.84,1983,86.2,0.833,0.932,39,2.36,5.67,1.01,4.9,2559.0,0.79,2.46,5.77
5.05,1950,1.2,632,289.8,0.445,0.519,20,2.73,4.49,1.01,4.9,2000.0,1.15,2.83,4.59
10.83,2272,2.02,1334,277.8,0.949,0.849,14,2.3,5.23,2.167,3.53,3648.1,0.78,2.81,6.04
6.51,1010,1.51,620,369.8,0.412,0.569,2,4.42,5.28,1.302,3.99,1339.7,1.1,4.77,5.63
9.19,344,1.78,1975,249.6,0.977,0.888,1,2.41,3.4,1.839,4.08,627.3,0.89,2.7,3.67
11.56,641,2.47,1464,136.1,0.677,0.471,40,3.79,4.35,2.312,3.58,1125.4,1.05,4.58,5.11
14.74,2632,2.04,628,84.7,0.648,0.854,39,3.03,5.86,2.947,3.16,5255.5,0.62,3.93,7.75
3.67,2269,1.37,2098,310.4,0.554,0.459,3,2.68,2.81,1.01,4.51,2367.4,1.32,2.78,2.95
16.59,2272,1.39,2576,359.5,0.406,0.668,31,3.92,4.89,3.318,3.04,4796.8,0.28,5.44,6.7
13.67,1672,1.74,2047,284.8,0.565,0.84,1,3.37,5.87,2.735,2.66,3125.6,0.57,4.19,7.54
4.39,2317,1.83,832,369.2,0.466,0.504,45,3.2,3.55,1.01,4.7,2375.4,1.78,3.3,3.66
17.85,223,1.5,1653,70.8,0.796,0.571,28,3.78,5.52,3.57,2.72,626.3,0.32,5.22,7.49
18.65,2793,1.79,1816,441.2,0.591,0.919,1,3.47,5.77,3.731,2.35,6312.0,0.33,4.78,8.14
4.04,1831,0.55,1696,291.2,0.86,0.931,33,2.91,5.11,1.01,4.9,1948.9,0.5,3.01,5.21
7.71,885,1.36,1929,63.4,0.524,0.427,26,3.68,3.31,1.541,4.14,1121.3,0.89,4.14,3.5
16.71,2143,1.06,855,231.0,0.94,0.501,38,4.01,3.67,3.341,2.34,4600.3,0.27,5.46,5.09
15.72,2348,0.76,638,422.4,0.714,0.47,43,2.08,2.63,3.144,2.98,4881.9,0.21,2.89,3.46
6.14,2516,0.7,2026,448.8,0.469,0.508,37,3.4,5.41,1.227,4.9,2947.1,0.59,3.5,5.51
6.56,896,1.71,1697,132.3,0.641,0.982,17,2.17,5.47,1.312,4.03,1023.3,1.22,2.44,5.64
9.3,176,1.55,528,355.6,0.524,0.731,35,2.56,4.71,1.86,3.76,293.1,0.83,2.93,5.21
11.24,158,1.01,1430,50.0,0.52,0.681,18,3.68,3.73,2.247,3.18,328.9,0.34,4.18,4.59
13.51,2578,1.44,1513,16.8,0.704,0.991,26,4.6,2.77,2.702,3.0,4761.6,0.46,5.83,3.53
9.27,2785,1.48,1327,280.2,0.803,0.734,44,4.65,5.14,1.854,3.46,4073.8,0.78,5.42,5.82
10.86,1623,0.89,850,347.4,0.947,0.797,19,2.21,5.04,2.173,3.25,2718.7,0.44,2.43,5.93
15.71,2036,1.8,2524,397.9,0.701,0.6,20,3.26,5.69,3.141,2.35,4218.0,0.57,4.34,7.58
3.62,2256,2.06,798,170.1,0.98,0.629,22,3.75,5.06,1.01,4.9,2306.0,2.01,3.92,5.17
7.29,1401,2.08,2243,3.3,0.965,0.757,29,2.44,5.4,1.458,4.27,1830.6,1.35,2.54,5.79
15.13,167,1.7,2365,239.8,0.919,0.442,24,4.3,5.11,3.025,2.88,466.1,0.43,5.65,6.84
18.22,2452,1.52,1715,7.9,0.7,0.554,30,4.23,4.71,3.644,2.5,5454.7,0.31,5.9,6.76
11.7,2032,0.62,2195,46.0,0.485,0.518,26,4.71,3.99,2.34,3.31,3535.1,0.32,5.6,5.0
12.05,2821,1.08,2611,163.3,0.531,0.41,33,2.03,5.66,2.409,3.1,4852.1,0.48,2.5,6.92
4.82,464,0.69,1254,218.6,0.789,0.722,7,2.65,4.78,1.01,4.84,514.0,0.64,2.75,4.96
10.61,920,2.43,1269,139.7,0.653,0.737,18,4.48,3.89,2.121,3.4,1452.1,0.98,5.34,4.51
12.05,1502,0.77,1738,290.9,0.488,0.63,40,4.01,2.79,2.411,3.0,2637.9,0.3,4.66,3.53
7.12,2490,0.8,1333,27.7,0.687,0.561,25,4.68,3.52,1.424,3.87,3216.6,0.57,4.9,3.91
7.58,1046,2.28,2713,72.3,0.41,0.791,27,2.17,4.4,1.515,4.12,1362.7,1.48,2.34,4.91
9.41,1677,2.39,2406,347.6,0.84,0.481,3,3.79,3.46,1.883,3.99,2565.6,1.22,4.24,4.06
3.34,1477,2.03,2064,71.1,0.444,0.711,30,3.71,3.27,1.01,4.63,1527.0,1.98,3.81,3.37
8.48,1539,0.51,1718,319.9,0.777,0.861,15,2.11,4.35,1.695,3.37,2137.2,0.26,2.46,4.66
6.59,861,0.5,1005,27.3,0.876,0.499,9,3.54,3.09,1.319,4.1,1076.5,0.31,3.88,3.19
8.57,440,1.26,1857,203.7,0.48,0.852,37,3.83,5.3,1.713,4.3,725.6,0.64,4.39,5.98
5.04,482,0.79,1960,88.7,0.711,0.856,9,2.57,4.2,1.01,4.9,601.5,0.68,2.67,4.3
18.14,1103,0.54,1916,54.8,0.867,0.436,44,2.82,4.51,3.628,2.72,2587.3,0.2,4.09,6.28
13.09,1656,1.43,1672,283.5,0.556,0.411,8,3.92,3.02,2.618,3.52,3039.8,0.41,5.04,3.77
14.54,399,2.39,1260,464.2,0.498,0.984,38,3.4,3.64,2.909,2.88,886.4,0.7,4.34,4.72
16.42,238,1.15,1332,27.4,0.602,0.516,35,4.57,3.94,3.283,3.24,492.8,0.34,6.05,5.46
11.47,458,1.82,1928,210.8,0.733,0.893,35,3.03,5.33,2.295,3.1,867.4,0.81,3.45,6.43
4.48,935,1.8,782,353.8,0.745,0.737,18,2.8,5.2,1.01,4.72,1080.5,1.75,2.9,5.32
12.13,1622,1.0,878,231.3,0.479,0.559,18,4.95,3.28,2.426,3.35,2775.2,0.33,6.19,4.01
12.98,1727,1.8,697,403.2,0.675,0.478,11,4.73,4.66,2.595,2.98,3172.5,0.56,5.89,5.9
15.67,2082,0.92,1055,89.8,0.561,0.698,12,2.09,3.35,3.134,2.95,4331.5,0.2,2.82,4.33
10.34,1403,0.74,855,479.8,0.905,0.644,24,4.31,5.96,2.068,3.28,2299.5,0.43,4.85,6.8
5.17,2630,1.9,2063,192.6,0.588,0.819,35,2.33,5.83,1.034,4.9,2680.0,1.84,2.43,6.03
7.82,1008,0.73,1540,170.8,0.903,0.943,24,2.08,4.47,1.565,3.77,1478.0,0.38,2.24,4.93
9.17,1234,2.49,878,437.3,0.657,0.883,27,2.82,4.95,1.834,3.24,1876.1,1.35,3.35,5.63
13.98,2286,0.87,1179,281.9,0.836,0.565,41,2.81,5.31,2.796,3.4,4329.7,0.26,3.51,6.72
12.7,1095,1.69,2279,258.2,0.706,0.927,38,4.46,5.02,2.541,3.52,1915.2,0.69,5.64,6.14
9.05,2582,1.32,1398,363.5,0.773,0.9,29,4.13,4.95,1.811,4.19,3848.7,0.64,4.48,5.57
19.77,2656,0.75,575,289.9,0.637,0.957,4,4.94,5.85,3.954,2.73,6237.7,0.2,7.18,8.3
13.3,2420,0.56,730,81.3,0.861,0.675,16,4.13,4.59,2.66,3.25,4438.2,0.2,5.2,5.71
7.03,2251,1.75,2239,337.1,0.655,0.861,17,3.25,4.73,1.407,4.27,2850.9,1.28,3.6,5.0
4.73,1337,2.11,1461,66.7,0.674,0.755,42,4.1,5.47,1.01,4.6,1416.0,2.06,4.2,5.57
5.6,1884,2.18,2849,402.9,0.711,0.586,20,5.0,4.84,1.12,4.41,2109.3,1.94,5.1,4.99
7.18,2909,1.47,2762,494.9,0.899,0.997,21,4.13,5.07,1.436,3.96,3676.4,0.93,4.29,5.58
5.73,2934,2.05,2616,188.7,0.796,0.423,38,4.29,3.32,1.146,4.9,3300.2,1.75,4.56,3.45
6.17,264,1.85,892,222.4,0.609,0.497,5,4.82,3.8,1.234,4.17,446.0,1.56,4.92,4.09
7.85,1098,1.95,1608,23.2,0.802,0.936,15,2.34,3.02,1.569,4.41,1459.4,1.21,2.44,3.3
5.95,2667,1.49,766,6.9,0.785,0.436,1,4.11,4.27,1.189,4.61,3063.1,1.28,4.25,4.44
18.25,1407,1.77,1592,460.7,0.959,0.932,0,4.55,4.1,3.649,2.83,3295.4,0.42,6.37,5.55
4.36,2664,2.11,1110,64.3,0.905,0.829,29,4.86,5.99,1.01,4.59,2767.9,2.06,5.01,6.09
11.92,756,1.3,1870,222.9,0.788,0.422,42,2.63,4.64,2.383,3.01,1387.2,0.48,3.36,5.63
9.98,2760,2.11,1508,407.7,0.605,0.658,36,3.51,5.25,1.995,4.0,4245.1,1.03,4.05,6.0
19.7,2311,1.68,1461,444.7,0.868,0.853,22,4.04,3.67,3.94,2.29,5501.9,0.44,6.0,5.41
4.9,2009,0.83,1172,259.7,0.745,0.75,0,2.74,5.41,1.01,4.77,2084.0,0.78,2.84,5.51
9.76,2146,0.55,2970,282.5,0.991,0.962,18,3.8,4.65,1.953,3.28,3350.5,0.26,4.25,5.47
19.48,2211,1.23,2200,334.8,0.549,0.921,45,2.77,4.94,3.896,2.16,5322.3,0.24,4.15,7.27
17.71,1240,1.59,2662,480.7,0.448,0.6,2,3.0,3.53,3.543,2.39,2690.5,0.33,4.21,4.74
16.89,1989,2.18,2767,301.3,0.442,0.451,1,3.32,4.42,3.378,2.86,4219.5,0.66,4.48,5.95
7.38,366,0.75,530,279.7,0.784,0.967,36,3.59,4.72,1.477,4.07,432.6,0.45,3.92,5.12
5.91,1945,2.1,1866,7.3,0.964,0.71,16,3.35,4.56,1.181,4.65,2256.7,1.81,3.45,4.66
14.37,1808,2.23,1900,40.5,0.401,0.445,27,3.48,5.7,2.873,2.57,3474.3,0.74,4.3,7.21
18.8,2393,0.8,1653,288.6,0.835,0.89,17,2.9,5.64,3.76,2.88,5550.0,0.24,4.18,8.11
12.46,2542,2.2,1116,468.1,0.794,0.921,32,2.48,5.9,2.493,3.45,4514.0,0.89,3.16,7.41
12.72,1610,2.48,1038,433.3,0.839,0.784,14,2.14,4.84,2.543,2.66,2926.9,0.91,2.73,6.07
7.76,575,1.95,1370,491.3,0.613,0.669,21,2.59,5.9,1.552,3.9,749.9,1.28,2.69,6.4
16.08,1076,2.07,600,263.9,0.892,0.797,40,3.75,5.41,3.216,2.36,2356.3,0.51,5.17,7.19
6.18,1307,2.49,1912,394.0,0.427,0.824,26,4.36,3.45,1.236,4.79,1559.3,2.0,4.46,3.59
8.5,1143,1.71,1440,420.2,0.853,0.936,36,2.51,4.0,1.701,4.07,1731.7,1.01,2.7,4.4
10.23,2060,1.12,840,324.0,0.56,0.974,31,2.33,3.33,2.046,3.9,3287.8,0.46,2.59,3.86
11.63,657,2.18,1543,169.4,0.686,0.709,44,4.25,2.51,2.326,3.01,1088.3,0.91,4.91,2.9
7.12,1117,1.73,537,235.0,0.894,0.879,18,2.92,3.16,1.424,4.15,1377.4,1.23,3.06,3.52
4.95,1705,1.66,1159,429.0,0.563,0.979,27,4.85,2.51,1.01,4.66,1863.5,1.61,4.95,2.62
13.38,982,1.01,2533,149.3,0.511,0.491,27,4.14,5.02,2.676,2.93,1911.9,0.3,5.34,6.35
7.91,2294,2.01,2060,461.9,0.809,0.411,9,2.98,3.99,1.581,4.0,3014.7,1.25,3.44,4.52
12.88,765,0.66,2156,114.9,0.72,0.921,19,2.87,3.59,2.576,2.67,1472.8,0.2,3.67,4.36
5.62,2767,2.35,1549,374.8,0.709,0.517,24,3.57,5.17,1.125,4.9,3010.5,2.11,3.67,5.27
11.18,1871,1.15,953,315.3,0.554,0.425,20,2.24,5.41,2.236,3.39,3105.1,0.47,2.74,6.55
12.05,2967,0.76,2204,374.8,0.421,0.496,13,2.35,5.91,2.411,3.55,5123.2,0.31,2.99,7.36
3.88,963,1.38,1846,218.7,0.646,0.63,21,2.53,4.75,1.01,4.75,1087.0,1.33,2.63,4.85
8.72,681,0.58,1318,466.3,0.464,0.532,25,4.32,4.12,1.744,4.19,927.0,0.25,4.92,4.4
5.29,794,1.87,1272,316.2,0.944,0.583,43,3.54,3.57,1.057,4.9,844.0,1.69,3.64,3.71
4.08,1351,2.31,512,144.1,0.425,0.985,10,2.03,3.28,1.01,4.9,1401.0,2.2,2.13,3.38
19.83,1710,2.17,1420,319.2,0.659,0.823,6,4.02,3.25,3.966,2.79,4027.5,0.5,5.82,4.7
8.48,1339,0.75,1324,143.4,0.431,0.827,16,3.27,3.93,1.696,4.15,1914.5,0.49,3.68,4.25
16.77,2554,0.75,2918,146.8,0.457,0.457,17,3.53,5.97,3.354,2.8,5393.1,0.2,4.87,8.25
7.33,498,2.13,1814,199.8,0.795,0.839,6,2.64,2.5,1.466,3.82,642.6,1.31,2.77,2.66
14.59,2046,2.35,2879,426.2,0.788,0.844,19,3.66,3.19,2.917,3.1,4131.6,0.71,4.74,4.27
15.92,814,1.42,2808,250.1,0.42,0.796,37,4.94,3.16,3.185,3.01,1691.1,0.45,6.72,4.11
13.13,803,1.5,2517,339.5,0.401,0.537,10,2.22,5.01,2.625,3.57,1490.0,0.45,2.95,6.19
11.02,2908,1.14,1728,196.0,0.447,0.654,43,2.85,3.73,2.203,3.41,4809.2,0.43,3.26,4.59
10.0,2646,2.29,1196,131.8,0.858,0.908,15,2.73,4.1,2.0,3.31,4143.4,1.01,3.02,4.6
8.93,1814,1.79,1449,477.3,0.751,0.802,26,2.75,3.02,1.786,3.92,2718.4,0.93,3.14,3.41
18.8,2072,1.08,2934,301.8,0.423,0.84,10,3.14,3.92,3.76,3.06,4729.5,0.2,4.4,5.49
17.12,181,1.1,1938,467.0,0.693,0.752,15,4.45,2.86,3.424,2.38,515.0,0.25,5.88,4.01
19.41,703,2.28,568,101.7,0.827,0.67,22,4.74,4.37,3.881,2.36,1742.3,0.56,6.73,6.1
5.11,2070,0.53,2281,73.4,0.921,0.855,11,2.61,2.84,1.023,4.9,2193.7,0.48,2.74,2.94
15.42,1810,1.15,2747,427.9,0.96,0.441,39,3.63,5.27,3.085,2.52,3627.2,0.25,4.88,6.99
18.95,2146,1.61,2763,340.5,0.596,0.804,2,3.91,4.48,3.79,2.09,4889.5,0.4,5.55,6.32
6.08,2919,0.8,2469,93.3,0.481,0.998,1,3.57,5.03,1.216,4.37,3367.6,0.64,3.67,5.13
4.13,1002,0.68,711,134.7,0.542,0.868,37,3.3,3.96,1.01,4.9,1130.9,0.63,3.4,4.06
15.6,464,2.13,1007,400.3,0.866,0.574,23,2.58,3.84,3.12,2.37,1011.7,0.57,3.28,5.06
12.77,262,2.29,2563,226.9,0.983,0.567,28,3.46,2.84,2.553,3.06,463.3,0.86,4.28,3.31
17.31,2658,2.15,2021,335.3,0.68,0.8,45,3.2,4.33,3.462,2.95,5744.4,0.59,4.19,5.98
5.38,1963,2.3,831,159.2,0.583,0.938,33,4.39,4.3,1.075,4.9,2144.0,2.07,4.49,4.52
16.52,215,1.61,1050,190.6,0.658,0.747,19,4.29,4.14,3.304,3.24,548.1,0.51,5.71,5.41
6.43,2484,2.12,2124,495.4,0.583,0.716,17,2.4,5.09,1.286,4.33,2890.7,1.61,2.57,5.35
5.78,980,1.27,1441,123.8,0.554,0.496,13,2.27,5.41,1.156,4.9,1030.0,1.12,2.37,5.63
5.79,2884,1.83,2803,253.2,0.756,0.829,17,4.72,5.13,1.159,4.18,3193.4,1.49,4.82,5.23
16.85,939,2.48,1227,422.2,0.409,0.821,1,3.61,3.0,3.37,2.97,2072.9,0.6,4.69,3.88
14.31,2294,0.95,1379,119.6,0.556,0.98,0,4.57,4.68,2.862,3.1,4516.9,0.32,5.75,5.97
11.89,1446,1.28,1148,207.6,0.797,0.58,19,2.17,2.78,2.378,2.99,2597.1,0.46,2.68,3.47
9.1,2590,1.46,1499,307.5,0.419,0.854,33,3.58,4.93,1.82,3.71,3837.8,0.76,3.85,5.4
17.91,2984,0.78,2021,240.6,0.45,0.66,40,3.62,3.84,3.582,2.27,6596.8,0.2,4.86,5.46
9.67,1136,0.66,2112,229.8,0.576,0.735,40,4.58,2.96,1.934,3.97,1802.3,0.35,5.28,3.44
16.88,1042,2.16,1509,181.3,0.927,0.89,10,2.29,5.52,3.376,2.58,2376.1,0.56,3.21,7.42
10.47,1824,2.45,2050,293.3,0.859,0.533,26,2.72,4.65,2.093,3.58,3025.2,0.99,3.1,5.42
9.41,2434,1.31,1303,312.2,0.413,0.606,22,3.22,3.74,1.882,3.3,3737.6,0.68,3.64,4.42
10.87,2867,0.68,713,326.6,0.701,0.864,37,4.6,2.61,2.173,3.1,4667.4,0.27,5.58,2.95
8.12,1237,0.63,668,35.2,0.565,0.742,43,4.82,4.38,1.625,4.41,1775.5,0.34,5.45,4.79
15.71,2627,2.28,1477,315.5,0.789,0.455,2,4.98,5.73,3.142,3.07,5493.0,0.57,6.5,7.62
11.55,121,1.43,1828,476.6,0.833,0.658,11,4.88,4.59,2.309,3.75,289.8,0.51,5.96,5.34
6.95,1849,1.14,645,270.5,0.918,0.752,29,2.02,5.9,1.39,4.04,2271.2,0.74,2.17,6.06
18.29,782,1.45,2298,357.6,0.685,0.946,30,2.14,2.98,3.659,2.28,1899.8,0.44,3.19,3.97
9.53,1933,1.14,1015,278.4,0.997,0.513,22,2.44,4.49,1.905,3.63,2932.2,0.55,2.77,5.03
12.24,2467,1.48,952,427.4,0.988,0.884,0,3.05,5.29,2.448,3.19,4293.0,0.46,3.82,6.27
18.41,225,2.22,559,464.8,0.929,0.478,40,4.49,4.34,3.682,2.28,480.1,0.46,6.4,6.21
13.61,376,1.68,1027,92.1,0.745,0.545,19,4.68,2.82,2.722,3.26,782.6,0.48,5.89,3.75
4.99,2099,1.89,1523,218.4,0.639,0.546,5,2.56,4.54,1.01,4.84,2149.6,1.84,2.68,4.64
18.98,1327,1.23,2064,196.2,0.619,0.926,10,3.86,4.64,3.795,2.25,3023.2,0.22,5.38,6.56
13.67,2341,1.98,1602,202.6,0.407,0.519,34,4.75,5.05,2.734,2.86,4487.6,0.65,5.84,6.17
8.69,795,1.83,932,62.8,0.55,0.872,3,3.39,5.16,1.739,3.86,1233.2,0.97,3.74,5.59
5.37,1409,0.74,1676,406.8,0.831,0.677,28,2.31,5.2,1.074,4.9,1568.0,0.69,2.51,5.3
16.5,156,1.65,900,17.9,0.762,0.999,9,3.37,4.82,3.3,2.73,319.4,0.41,4.54,6.44
13.54,118,1.01,2604,264.1,0.95,0.903,28,3.13,3.26,2.708,3.06,307.9,0.33,3.98,4.27
12.07,2411,2.11,2733,330.9,0.43,0.844,37,3.73,3.91,2.414,2.86,4134.1,0.84,4.57,4.7
18.2,2941,1.35,2945,103.7,0.493,0.922,0,3.32,5.22,3.639,3.04,6604.7,0.31,4.48,7.28
16.41,212,2.49,1104,452.9,0.874,0.78,39,2.05,5.84,3.281,3.19,475.3,0.73,2.71,7.73
5.58,641,0.69,2705,419.3,0.615,0.906,7,4.98,2.78,1.116,4.9,803.4,0.64,5.15,2.88
8.3,2794,2.06,2310,235.5,0.471,0.557,37,3.63,4.37,1.66,3.4,3863.1,1.16,4.18,4.97
7.22,678,1.85,1963,205.6,0.998,0.459,16,3.42,3.59,1.445,4.2,805.6,1.23,3.52,3.69
15.65,1188,2.03,2993,118.3,0.872,0.77,18,4.86,3.29,3.129,2.96,2444.2,0.67,6.38,4.53
3.57,124,1.12,2273,365.0,0.645,0.661,32,2.47,4.27,1.01,4.9,174.6,1.07,2.57,4.37
12.69,1672,1.48,2053,65.9,0.894,0.656,14,2.57,4.62,2.538,3.63,3132.1,0.61,3.06,5.73
15.96,2148,2.09,1596,340.1,0.808,0.716,44,4.42,2.53,3.192,3.16,4575.4,0.52,5.83,3.57
17.91,1672,0.97,1428,421.2,0.874,0.617,30,2.78,5.23,3.581,2.21,3697.2,0.23,3.88,7.11
8.82,240,0.95,2451,114.2,0.889,0.776,20,4.4,5.37,1.763,4.22,329.1,0.59,4.79,5.95
16.96,1867,1.6,2473,433.2,0.451,0.418,2,2.81,5.88,3.392,2.83,3988.6,0.38,3.72,8.1
4.88,747,1.55,2564,16.7,0.774,0.982,1,2.1,3.13,1.01,4.9,859.4,1.5,2.21,3.23
17.39,2335,1.06,2054,456.4,0.404,0.955,34,3.55,4.58,3.478,2.59,5040.0,0.2,5.06,6.36
5.17,300,1.1,825,59.2,0.426,0.961,40,2.59,3.99,1.033,4.74,350.0,1.05,2.69,4.09
9.75,356,1.06,1494,322.9,0.942,0.619,15,4.27,3.67,1.951,3.54,598.1,0.5,4.96,4.09
16.55,646,2.04,1112,125.0,0.717,0.719,44,3.92,4.48,3.311,2.39,1364.7,0.46,5.19,5.9
5.55,2341,1.8,1095,418.3,0.842,0.972,20,4.77,5.24,1.11,4.6,2466.9,1.68,5.02,5.49
6.9,2850,2.16,1420,256.2,0.903,0.941,11,4.35,2.58,1.379,4.61,3506.6,1.47,4.67,2.68
15.28,901,2.45,1341,67.6,0.97,0.874,27,2.54,5.89,3.056,2.4,1815.8,0.62,3.45,7.53
15.24,1041,1.45,1725,285.5,0.922,0.644,11,4.4,5.33,3.048,2.51,2141.4,0.35,5.57,7.01
13.9,513,0.63,843,203.9,0.69,0.739,32,3.93,5.13,2.78,2.62,1117.8,0.24,5.01,6.44
14.8,2114,0.6,2376,330.7,0.602,0.876,19,4.01,5.16,2.959,2.81,4139.8,0.28,5.2,6.64
12.23,1481,1.09,1358,441.0,0.493,0.564,39,4.5,3.86,2.445,3.69,2614.3,0.33,5.39,4.55
7.28,1198,2.37,1923,204.7,0.64,0.776,20,3.72,5.13,1.456,3.82,1651.5,1.56,3.88,5.58
8.88,1009,1.55,944,144.9,0.62,0.897,38,3.4,3.85,1.775,3.4,1569.8,0.76,3.83,4.34
6.09,287,1.04,2288,7.3,0.736,0.824,40,3.91,5.65,1.217,4.9,353.4,0.89,4.12,5.78
18.44,2115,1.3,721,287.4,0.799,0.688,41,2.89,3.12,3.689,2.99,4871.8,0.23,3.87,4.25
12.92,1413,1.7,1091,201.1,0.987,0.751,35,2.55,3.52,2.584,2.64,2524.8,0.55,3.18,4.4
9.81,2192,1.81,1530,187.3,0.837,0.993,21,3.85,4.43,1.963,3.82,3433.7,0.8,4.27,5.18
10.85,2230,0.81,1795,91.5,0.786,0.761,25,2.7,3.62,2.171,3.55,3764.5,0.35,3.03,4.18
19.1,1246,2.45,1517,215.0,0.601,0.871,6,2.24,3.98,3.821,2.83,2937.3,0.64,3.24,5.48
5.61,457,1.59,2563,492.2,0.421,0.836,6,2.0,4.22,1.121,4.72,540.6,1.4,2.1,4.32
12.97,1651,0.77,1947,148.9,0.573,0.821,7,3.82,5.5,2.593,3.6,2982.4,0.2,4.72,6.88
11.6,1189,2.29,2545,299.9,0.861,0.83,25,3.09,4.33,2.32,2.83,2088.7,0.92,3.64,5.38
13.39,1780,0.65,1023,388.2,0.523,0.673,23,4.26,3.77,2.679,2.79,3363.4,0.28,5.39,4.52
3.31,2522,2.32,2568,374.6,0.827,0.684,23,3.13,3.37,1.01,4.87,2618.1,2.22,3.23,3.47
17.83,261,2.49,2775,164.4,0.748,0.681,39,3.46,3.93,3.565,2.6,532.9,0.53,4.97,5.27
18.85,2469,1.9,2308,305.4,0.503,0.42,11,3.22,4.31,3.769,3.0,5717.9,0.38,4.5,6.02
12.61,549,2.04,1811,435.6,0.557,0.545,7,3.95,5.11,2.521,3.21,1047.6,0.79,4.95,6.24
14.84,1597,1.17,1806,7.7,0.698,0.493,8,3.07,2.92,2.969,2.45,3144.0,0.37,3.88,3.96
18.68,1136,2.38,2951,217.9,0.651,0.932,2,4.89,3.28,3.736,2.49,2580.9,0.57,6.9,4.45
15.02,2331,1.56,1589,112.1,0.867,0.565,20,4.81,3.83,3.005,2.8,4641.4,0.41,6.28,5.09
5.59,2258,1.96,2172,194.3,0.841,0.483,30,4.54,3.76,1.119,4.9,2514.2,1.7,4.64,3.86
12.8,2050,2.35,936,208.0,0.745,0.472,23,4.76,3.87,2.559,3.22,3759.7,0.93,5.86,4.9
13.31,2655,2.45,1328,373.3,0.893,0.82,3,3.35,5.28,2.663,3.2,5015.9,0.78,4.09,6.6
10.21,1413,2.17,758,46.9,0.738,0.404,19,3.61,3.63,2.042,3.71,2216.8,1.07,3.98,4.02
15.52,2442,1.11,2503,256.3,0.979,0.683,15,4.23,4.26,3.104,3.11,5089.1,0.33,5.45,5.78
18.88,1338,2.43,2489,282.1,0.53,0.471,9,4.09,4.68,3.777,2.71,3168.9,0.49,5.87,6.47
18.73,1073,1.76,602,247.1,0.828,0.91,42,4.67,3.31,3.747,2.32,2478.9,0.4,6.71,4.72
10.66,731,2.36,1492,365.9,0.622,0.975,25,4.15,5.02,2.133,3.8,1142.6,1.12,4.77,6.02
4.93,1690,1.85,1268,191.9,0.567,0.975,28,4.99,4.41,1.01,4.9,1740.0,1.8,5.09,4.51
19.74,1150,1.11,1624,472.5,0.508,0.665,4,3.05,4.06,3.948,2.76,2854.4,0.32,4.21,5.88
17.26,2880,1.24,1721,240.9,0.732,0.787,10,4.5,5.33,3.452,3.19,6259.6,0.27,6.05,7.43
5.12,1688,1.6,2773,285.6,0.529,0.76,28,4.09,3.35,1.024,4.9,1738.0,1.55,4.22,3.56
18.65,2468,2.08,736,412.8,0.52,0.61,44,4.07,5.59,3.731,2.92,5607.8,0.56,5.79,7.97
17.79,1793,1.14,1644,137.6,0.994,0.666,14,2.98,4.46,3.558,3.1,4074.7,0.37,4.0,6.09
11.82,536,1.66,1266,37.6,0.881,0.439,5,4.36,4.63,2.364,2.9,922.8,0.64,5.15,5.66
13.05,2928,1.19,1490,353.9,0.849,0.877,14,4.7,5.56,2.61,3.09,5349.5,0.44,5.96,6.99
9.78,1656,2.13,2259,241.5,0.876,0.544,42,2.66,5.36,1.957,3.66,2552.0,0.92,2.92,6.21
3.93,1176,1.43,2820,448.3,0.981,0.676,19,3.88,4.61,1.01,4.8,1226.0,1.37,3.98,4.75
8.7,1404,0.65,2779,491.3,0.744,0.688,33,3.18,5.14,1.74,4.13,2016.8,0.31,3.59,5.54
16.65,2873,0.83,995,199.6,0.532,0.736,1,4.97,4.02,3.33,3.0,6143.9,0.2,6.73,5.26
3.08,2178,0.62,1547,207.7,0.917,0.891,43,3.44,4.42,1.01,4.9,2304.5,0.57,3.54,4.52
8.67,2484,1.5,2226,204.0,0.846,0.815,15,2.68,2.72,1.734,4.29,3617.7,0.78,3.14,3.2
9.77,282,0.71,2572,162.3,0.649,0.798,18,3.15,2.81,1.954,3.34,538.3,0.43,3.48,3.2
12.14,2691,0.73,2835,390.8,0.684,0.716,33,3.96,5.4,2.427,3.44,4654.0,0.31,4.91,6.74
18.64,1569,2.38,837,379.5,0.647,0.458,13,2.23,2.71,3.728,2.64,3680.7,0.55,3.0,3.99
8.89,1579,2.25,2437,239.3,0.958,0.641,23,3.81,3.09,1.778,3.56,2236.2,1.29,4.3,3.61
8.9,1689,1.4,2317,22.3,0.606,0.974,27,4.79,5.29,1.78,3.41,2396.5,0.68,5.5,6.07
15.54,1687,2.47,636,154.8,0.978,0.997,31,4.55,2.5,3.108,3.23,3566.2,0.71,5.97,3.45
10.69,759,0.5,2774,146.2,0.946,0.838,36,2.2,3.49,2.138,3.52,1334.1,0.25,2.67,4.21
6.82,259,1.73,819,405.5,0.778,0.537,9,4.98,4.54,1.364,4.61,374.9,1.14,5.38,4.87
10.69,2559,1.73,2363,43.8,0.748,0.461,44,4.1,4.58,2.138,3.46,4239.9,0.79,4.65,5.18
5.39,1111,1.41,1415,402.8,0.622,0.649,8,2.49,5.22,1.079,4.53,1312.9,1.22,2.6,5.32
6.0,152,1.29,1705,334.6,0.411,0.914,23,2.04,4.27,1.2,4.4,242.4,0.99,2.27,4.37
11.47,2555,1.41,2397,366.2,0.477,0.833,35,2.51,4.28,2.294,3.18,4366.1,0.5,3.03,4.92
10.12,2994,1.33,2633,216.1,0.853,0.93,28,4.51,5.04,2.024,3.99,4753.3,0.7,5.08,5.66
18.55,1145,1.96,1425,339.9,0.683,0.769,28,2.06,4.25,3.71,2.1,2594.8,0.5,2.76,6.14
9.16,1153,0.77,2600,304.5,0.49,0.478,22,2.7,4.63,1.832,4.18,1666.8,0.43,2.94,5.27
12.87,2850,0.9,1758,384.5,0.558,0.469,26,4.27,5.64,2.574,3.6,5248.0,0.33,5.12,6.9
13.75,2407,0.86,2482,223.4,0.969,0.429,30,3.76,3.91,2.75,3.51,4548.3,0.24,4.75,5.05
3.22,1328,1.02,932,236.4,0.62,0.74,42,4.35,3.85,1.01,4.9,1378.0,0.97,4.45,3.95
14.28,1594,1.55,1498,321.8,0.945,0.546,6,4.24,2.51,2.856,3.42,3084.4,0.47,5.31,3.07
6.03,2923,0.72,2647,54.0,0.583,0.841,44,2.15,4.65,1.205,4.45,3306.6,0.52,2.25,4.94
19.34,1589,2.24,1489,218.1,0.726,0.812,3,4.68,2.6,3.868,2.07,3843.7,0.54,6.68,3.66
5.53,1135,1.09,1098,486.0,0.412,0.591,13,2.68,4.26,1.105,4.48,1298.0,0.91,2.78,4.41
10.05,2050,0.83,2950,18.8,0.713,0.506,41,3.66,5.31,2.01,3.97,3227.3,0.32,4.3,6.04
4.45,949,1.85,895,158.0,0.782,0.461,41,3.93,4.42,1.01,4.49,1098.7,1.8,4.03,4.52
19.95,453,0.58,914,157.1,0.541,0.842,9,2.51,3.44,3.989,2.55,1206.3,0.2,3.46,5.11
11.54,1198,1.74,1438,316.7,0.747,0.67,43,4.93,5.25,2.307,2.87,2072.7,0.72,5.72,6.14
13.12,1839,1.9,2136,52.9,0.788,0.594,33,3.46,3.44,2.624,2.87,3492.1,0.64,4.28,4.47
4.14,1564,0.93,1040,314.3,0.812,0.914,25,2.17,5.07,1.01,4.56,1614.0,0.88,2.27,5.17
15.75,1090,0.58,2149,47.5,0.866,0.756,22,4.81,4.64,3.15,3.18,2228.9,0.2,6.46,6.14
6.57,1364,1.23,2445,47.5,0.587,0.711,8,3.76,3.09,1.314,4.45,1614.1,0.96,3.86,3.41
18.27,1984,0.7,583,364.1,0.741,0.846,36,4.1,5.67,3.653,3.02,4541.3,0.2,5.9,8.1
6.49,1909,0.73,770,162.1,0.989,0.889,7,3.58,3.2,1.297,4.58,2296.6,0.64,3.73,3.3
6.24,2441,1.01,2791,488.7,0.939,0.812,13,4.5,5.96,1.248,4.9,2885.8,0.88,4.65,6.06
3.62,2356,1.09,887,18.7,0.972,0.664,6,2.1,2.53,1.01,4.9,2457.9,1.04,2.21,2.63
11.03,1211,1.56,713,222.6,0.632,0.628,6,2.81,3.42,2.205,3.51,1939.5,0.72,3.4,3.86
12.6,917,1.86,558,56.6,0.872,0.863,8,3.41,3.2,2.52,3.23,1595.0,0.68,4.23,3.92
4.12,1899,1.69,2125,175.7,0.772,0.711,2,2.23,2.55,1.01,4.9,1967.4,1.64,2.41,2.67
16.18,2060,0.8,1342,499.1,0.45,0.823,13,4.12,5.06,3.237,3.13,4280.5,0.2,5.47,6.79
10.71,2537,0.84,2027,444.4,0.894,0.934,16,3.18,4.93,2.141,3.56,4159.5,0.38,3.85,5.65
11.91,2472,2.26,2229,24.2,0.806,0.95,43,2.82,5.27,2.383,3.54,4313.9,0.95,3.35,6.36
10.49,988,1.62,622,281.6,0.519,0.567,21,2.01,3.4,2.099,3.74,1637.4,0.77,2.48,4.13
9.81,1955,2.24,1936,323.9,0.448,0.513,45,4.16,4.06,1.963,3.26,2990.1,1.12,4.66,4.69
12.51,1280,1.24,1662,104.8,0.902,0.557,25,4.5,4.81,2.503,3.31,2349.0,0.39,5.43,5.98
5.64,767,1.73,2986,72.6,0.447,0.851,27,3.19,4.04,1.128,4.41,942.8,1.49,3.32,4.14
6.09,732,1.55,1061,452.2,0.455,0.622,44,3.69,4.94,1.219,4.61,977.9,1.19,3.79,5.04
17.65,2724,1.14,2665,484.4,0.656,0.504,13,2.68,4.72,3.53,2.84,6109.7,0.25,3.59,6.41
19.08,1742,1.44,2237,495.9,0.481,0.459,8,3.87,2.9,3.817,3.06,4085.1,0.35,5.42,4.14
9.35,236,1.5,1404,394.9,0.948,0.596,25,2.04,5.23,1.869,3.19,337.6,0.73,2.37,5.83
7.6,2046,0.9,894,331.8,0.682,0.482,1,3.47,5.02,1.521,3.65,2744.9,0.58,3.89,5.43
13.95,1797,1.13,2226,172.9,0.741,0.494,10,3.93,4.8,2.79,2.57,3549.6,0.35,5.06,6.17
9.95,527,2.08,2216,85.7,0.957,0.81,16,4.75,3.04,1.99,3.44,802.5,0.93,5.59,3.59
3.43,1575,2.33,1434,39.5,0.718,0.412,33,3.14,3.44,1.01,4.9,1625.0,2.23,3.24,3.54
5.65,2759,1.22,1601,346.6,0.612,0.471,18,4.3,3.88,1.131,4.9,2959.3,1.14,4.4,4.05
15.17,918,1.11,1935,392.4,0.878,0.907,38,3.79,3.48,3.034,3.11,1934.4,0.23,4.79,4.61
14.2,2288,0.89,574,413.2,0.666,0.907,17,4.78,3.3,2.84,3.36,4424.8,0.2,6.12,4.01
3.46,1206,1.86,794,456.9,0.591,0.598,12,3.2,5.32,1.01,4.8,1256.0,1.81,3.3,5.42
6.77,2324,1.15,520,440.0,0.834,0.453,4,2.96,4.73,1.355,3.88,2934.6,0.92,3.06,5.04
6.93,297,2.48,1538,499.9,0.881,0.823,22,4.66,4.48,1.386,3.81,425.7,1.77,4.92,4.69
14.42,2771,1.15,1734,122.0,0.875,0.616,23,2.15,3.29,2.884,3.3,5388.7,0.26,2.82,4.08
3.34,2095,1.29,1059,381.7,0.987,0.427,28,2.41,5.71,1.01,4.9,2145.0,1.22,2.51,5.81
4.77,2838,1.71,1609,293.2,0.872,0.495,7,2.25,3.17,1.01,4.9,2888.0,1.66,2.37,3.27
16.6,2548,2.1,1672,130.6,0.862,0.482,25,4.53,5.28,3.32,2.58,5434.8,0.62,6.2,7.3
6.04,570,1.44,871,491.0,0.914,0.753,14,2.03,5.88,1.207,4.43,658.5,1.18,2.19,6.16
14.1,2365,1.35,2527,448.9,0.4,0.939,0,4.58,5.04,2.819,3.44,4579.9,0.38,6.03,6.43
7.05,2048,2.49,1317,64.3,0.617,0.876,27,3.35,5.98,1.41,3.77,2643.1,1.61,3.48,6.52
4.69,1028,0.52,1674,13.1,0.843,0.728,45,2.01,4.78,1.01,4.9,1119.3,0.42,2.11,4.88
7.13,2110,2.29,1664,344.2,0.76,0.653,13,3.2,3.26,1.427,4.0,2643.7,1.57,3.55,3.56
15.28,2779,0.8,1592,302.1,0.507,0.771,41,2.56,3.21,3.056,2.4,5641.5,0.2,3.38,4.12
17.55,1005,2.07,1783,467.9,0.582,0.666,33,3.87,3.64,3.509,2.91,2320.6,0.62,5.45,5.04
17.11,2322,1.74,2511,117.0,0.602,0.548,30,4.04,2.52,3.423,2.53,4973.7,0.39,5.47,3.3
9.75,122,1.18,1345,42.2,0.741,0.808,5,3.46,4.89,1.95,3.8,172.0,0.61,3.99,5.54
14.36,334,2.25,2491,129.6,0.899,0.924,4,2.12,3.44,2.871,3.16,707.0,0.64,2.54,4.22
6.48,1224,0.53,1020,9.5,0.959,0.624,30,3.97,5.35,1.297,4.43,1517.8,0.4,4.34,5.48
7.98,1028,0.95,870,17.9,0.85,0.905,36,4.53,3.76,1.597,4.23,1369.5,0.49,5.05,3.92
18.24,622,1.63,1942,457.4,0.906,0.659,14,4.16,4.18,3.648,2.7,1495.5,0.45,5.96,5.79
3.22,1908,1.2,600,176.0,0.682,0.641,14,4.49,5.88,1.01,4.76,1999.2,1.15,4.59,6.03
4.45,530,1.72,1160,205.4,0.634,0.417,42,2.6,3.35,1.01,4.9,668.0,1.62,2.7,3.45
6.53,892,0.55,2181,9.2,0.636,0.817,4,4.67,5.02,1.307,4.46,1038.2,0.48,4.77,5.39
3.45,1729,0.73,742,135.3,0.77,0.885,27,2.97,5.14,1.01,4.49,1840.1,0.68,3.12,5.24
6.08,1836,0.75,1011,402.4,0.475,0.798,32,2.04,3.27,1.217,4.9,2042.4,0.69,2.14,3.38
12.91,632,0.88,2773,307.7,0.748,0.491,10,4.53,4.25,2.582,3.16,1206.5,0.39,5.51,5.16
10.16,1846,1.42,2041,376.9,0.799,0.462,42,4.83,3.73,2.033,3.88,2936.4,0.73,5.6,4.47
18.18,1775,2.0,2761,223.6,0.663,0.744,5,3.97,5.2,3.635,3.01,4004.3,0.4,5.5,7.08
16.9,1416,2.31,2614,154.9,0.972,0.641,22,2.69,4.68,3.379,2.66,3149.9,0.53,3.72,6.42
8.81,2957,2.17,895,241.4,0.765,0.657,39,2.76,4.17,1.762,3.77,4164.3,1.26,3.06,4.69
7.41,1012,0.89,1111,161.5,0.532,0.981,1,3.4,5.23,1.482,4.02,1348.1,0.58,3.72,5.58
9.45,1224,1.38,1760,419.5,0.688,0.834,14,4.69,3.32,1.891,3.59,1816.1,0.63,5.46,3.66
13.04,1625,0.9,2357,148.8,0.805,0.647,22,2.45,5.14,2.607,3.49,3056.3,0.37,2.92,6.35
7.56,1427,1.03,1269,329.9,0.594,0.411,21,4.48,5.53,1.511,4.36,1805.9,0.61,4.75,6.1
13.61,2687,1.51,1922,68.5,0.448,0.42,8,2.87,5.58,2.722,2.66,5140.7,0.55,3.59,7.15
9.96,1123,0.64,906,343.4,0.75,0.811,39,4.43,5.24,1.992,3.65,1845.2,0.37,5.27,6.2
12.38,1676,0.94,2372,456.6,0.969,0.903,29,4.76,3.93,2.477,3.67,3071.0,0.4,5.76,4.72
10.41,1478,2.37,2003,304.3,0.691,0.825,15,3.28,5.94,2.083,3.56,2318.5,1.01,3.77,6.86
8.01,1619,1.43,2769,279.9,0.944,0.644,45,3.1,3.83,1.601,4.24,2248.9,0.83,3.44,3.98
19.12,1781,1.39,1679,480.6,0.901,0.419,29,4.41,4.74,3.825,2.83,4071.9,0.3,6.24,6.92
15.98,2097,0.53,1153,313.7,0.488,0.98,44,3.59,3.06,3.196,2.65,4454.7,0.2,4.95,4.0
5.38,326,0.99,2975,129.8,0.825,0.992,8,4.05,5.93,1.076,4.69,435.9,0.85,4.26,6.03
17.76,1359,2.23,1681,146.2,0.661,0.73,0,3.87,4.96,3.553,2.88,3057.6,0.54,5.36,7.03
11.29,972,0.83,1476,352.7,0.55,0.442,37,2.46,5.14,2.257,3.33,1712.9,0.34,2.98,6.12
18.21,991,1.33,1939,367.7,0.812,0.725,7,4.53,2.73,3.641,2.69,2191.5,0.33,6.15,3.84
16.6,1578,0.53,2918,151.7,0.846,0.935,17,2.59,5.17,3.32,2.96,3396.0,0.21,3.57,6.84
10.23,1136,1.46,1867,172.7,0.508,0.808,26,4.8,5.21,2.046,3.77,1785.1,0.67,5.63,6.03
3.38,2357,0.54,728,495.5,0.949,0.832,17,2.75,4.85,1.01,4.75,2516.2,0.48,2.85,5.03
7.57,2888,2.14,2827,51.0,0.851,0.451,31,4.2,3.52,1.514,3.71,3863.3,1.39,4.41,3.82
12.21,496,2.15,2393,202.3,0.96,0.464,31,2.85,4.21,2.442,2.99,963.2,0.86,3.64,5.03
13.77,1223,2.08,1813,31.2,0.59,0.476,44,2.95,2.89,2.754,3.02,2440.2,0.64,3.7,3.46
7.38,2178,1.07,1570,410.5,0.964,0.943,35,2.93,4.15,1.477,3.96,2798.4,0.72,3.2,4.38
5.37,748,2.17,1474,46.2,0.621,0.716,35,4.24,3.35,1.074,4.89,912.2,1.94,4.34,3.45
17.19,428,1.59,2238,337.0,0.432,0.875,20,3.67,3.72,3.439,2.25,941.2,0.38,4.98,4.9
19.73,1582,1.25,1257,28.2,0.858,0.469,45,4.65,3.07,3.947,2.53,3828.0,0.36,6.83,4.47
11.94,1051,1.75,820,336.4,0.822,0.957,31,2.92,3.31,2.387,3.1,1907.8,0.75,3.49,4.0
5.92,2105,0.52,2821,421.5,0.759,0.893,30,4.08,2.77,1.184,4.63,2292.7,0.45,4.23,2.96
7.63,2116,0.79,1055,199.4,0.694,0.535,36,4.26,5.72,1.526,3.97,2777.8,0.53,4.48,5.98
3.31,2768,1.98,1343,261.1,0.419,0.925,15,2.45,4.36,1.01,4.76,2818.0,1.93,2.55,4.48
18.54,1978,0.99,1836,200.8,0.775,0.558,45,3.2,3.89,3.709,3.0,4636.7,0.33,4.67,5.48
5.0,1296,1.7,1886,150.2,0.65,0.523,45,3.45,4.37,1.01,4.66,1346.0,1.65,3.55,4.47
12.8,1872,1.27,1167,401.6,0.736,0.559,13,3.07,4.7,2.56,3.31,3427.3,0.46,3.95,5.98
7.66,261,2.21,2927,136.0,0.658,0.946,23,2.97,5.73,1.532,4.46,448.8,1.37,3.36,6.05
12.42,1851,2.4,2442,361.5,0.98,0.949,24,4.06,3.13,2.484,3.21,3259.1,0.8,5.14,3.84
14.07,875,2.27,2504,103.1,0.762,0.597,45,2.65,3.53,2.815,3.36,1717.8,0.71,3.53,4.42
17.11,1927,1.04,2430,124.9,0.85,0.823,34,4.13,5.92,3.421,2.33,4228.1,0.33,5.43,8.07
6.51,2421,0.89,1245,168.2,0.962,0.805,16,4.81,3.8,1.302,4.38,2836.9,0.73,5.2,3.99
3.19,1151,1.45,1174,294.6,0.755,0.884,45,3.7,2.58,1.01,4.9,1263.9,1.4,3.8,2.68
5.33,2473,0.51,2663,227.2,0.407,0.578,41,3.83,3.02,1.065,4.35,2582.8,0.39,3.93,3.12
18.3,1039,0.55,1565,372.6,0.421,0.706,44,2.21,2.59,3.66,2.56,2329.9,0.2,2.91,3.68
17.86,639,1.61,2926,106.8,0.821,0.801,3,4.59,5.96,3.571,2.51,1477.5,0.32,6.3,8.37
13.16,2635,1.54,2827,5.3,0.567,0.416,10,2.86,3.48,2.631,3.25,4855.7,0.47,3.6,4.16
13.21,921,2.49,1117,388.3,0.748,0.626,14,3.85,5.73,2.642,3.51,1824.3,0.94,4.75,7.06
14.31,1561,0.9,2665,410.8,0.521,0.818,29,4.94,5.99,2.861,2.54,3137.2,0.28,6.13,7.72
5.98,1188,1.02,2856,29.7,0.562,0.552,23,3.79,4.6,1.196,4.4,1375.5,0.89,3.89,4.7
18.55,455,0.73,2647,305.5,0.703,0.975,1,4.17,2.62,3.709,2.54,1054.1,0.2,5.85,3.75
10.12,334,2.34,2808,189.1,0.985,0.418,42,3.34,2.79,2.024,3.47,534.0,1.06,3.95,3.04
9.51,2374,2.06,1492,396.9,0.77,0.975,33,2.18,4.19,1.903,3.9,3552.3,1.05,2.39,4.69
11.82,1648,2.14,1828,437.2,0.962,0.53,22,4.39,3.92,2.364,3.2,2880.7,0.76,5.18,4.86
3.8,2196,2.31,1877,425.5,0.976,0.429,30,2.1,4.62,1.01,4.5,2320.7,2.25,2.2,4.74
5.83,217,1.55,785,388.6,0.525,0.575,36,4.1,4.04,1.165,4.84,267.0,1.22,4.2,4.19
15.55,2201,1.4,2875,134.5,0.587,0.872,12,2.07,5.77,3.109,3.22,4460.4,0.43,2.76,7.74
4.41,1773,1.16,2610,405.9,0.862,0.851,32,4.59,4.37,1.01,4.9,1829.2,1.11,4.69,4.47
13.25,2712,1.68,1186,266.7,0.92,0.525,6,2.47,4.93,2.651,3.15,4951.4,0.64,3.02,6.16
7.17,1167,1.41,1805,26.4,0.712,0.518,31,3.54,5.64,1.434,3.84,1552.3,1.04,3.72,6.2
9.62,2200,1.4,1964,228.5,0.996,0.786,6,3.79,3.01,1.924,3.33,3364.9,0.75,4.27,3.51
7.91,657,2.37,1237,471.1,0.407,0.675,41,3.37,3.3,1.582,3.71,924.2,1.5,3.86,3.63
9.05,1915,2.47,2458,443.9,0.58,0.875,37,3.02,2.88,1.809,3.65,2784.1,1.3,3.28,3.19
15.22,2105,2.09,2394,51.1,0.774,0.414,43,3.4,2.99,3.045,3.29,4352.5,0.62,4.57,4.07
8.05,497,2.01,1985,372.1,0.682,0.766,12,2.93,4.29,1.61,3.96,637.5,1.17,3.29,4.61
12.63,774,1.86,2600,402.9,0.47,0.838,23,3.31,3.62,2.526,2.84,1505.1,0.74,3.88,4.26
11.09,486,0.83,985,135.7,0.621,0.996,27,3.08,3.98,2.219,3.12,825.1,0.28,3.84,4.59
14.28,2258,0.62,2013,235.8,0.415,0.807,31,3.7,5.94,2.856,2.84,4477.4,0.2,4.83,7.44
18.93,2761,1.88,2501,355.5,0.786,0.539,42,2.71,3.05,3.785,2.69,6439.9,0.52,3.92,4.25
15.45,2164,1.96,1887,219.5,0.936,0.465,17,4.97,4.39,3.091,2.78,4351.6,0.47,6.49,5.9
6.65,983,0.59,2956,56.4,0.931,0.785,33,3.5,2.85,1.331,4.23,1291.5,0.53,3.7,3.05
3.53,640,2.36,1530,352.9,0.82,0.714,33,2.58,3.61,1.01,4.9,730.4,2.31,2.68,3.71
7.46,270,0.68,2265,455.8,0.679,0.939,37,3.43,4.35,1.492,3.84,320.0,0.41,3.53,4.78
13.12,2556,1.07,1167,326.2,0.707,0.836,0,4.6,5.81,2.623,2.67,4647.0,0.41,5.85,7.23
3.87,839,1.84,1720,386.9,0.482,0.706,42,2.07,3.87,1.01,4.5,921.4,1.79,2.23,3.97
11.44,1501,0.84,1334,179.2,0.605,0.642,41,4.04,2.73,2.288,3.06,2600.2,0.29,4.68,3.2
13.15,2377,0.61,1375,91.6,0.513,0.643,30,3.64,3.86,2.629,2.68,4448.7,0.27,4.65,4.95
8.68,218,1.16,2914,321.4,0.893,0.536,0,2.51,3.01,1.736,3.63,401.8,0.69,2.88,3.27
16.11,2931,2.03,1501,163.9,0.949,0.41,15,4.45,3.3,3.221,3.06,6170.5,0.51,5.81,4.24
4.81,2612,1.33,749,430.0,0.722,0.745,38,3.11,4.66,1.01,4.9,2731.5,1.22,3.21,4.76
4.28,2251,1.81,2439,61.3,0.837,0.527,14,2.88,2.74,1.01,4.9,2330.1,1.73,2.98,2.84
15.38,2845,1.66,2118,216.7,0.473,0.525,32,4.48,4.13,3.076,3.2,5744.1,0.42,5.98,5.47
11.42,2095,0.54,1763,198.4,0.765,0.475,22,3.92,4.63,2.285,3.09,3643.6,0.2,4.81,5.4
14.7,1805,2.48,2927,469.0,0.822,0.514,40,4.69,3.98,2.941,3.3,3495.6,0.8,5.9,4.98
10.39,1822,0.58,1371,76.6,0.672,0.419,33,3.89,2.57,2.078,3.37,2901.6,0.24,4.54,3.05
7.19,2322,2.44,1334,4.9,0.546,0.805,16,4.22,5.95,1.438,4.07,3009.3,1.71,4.6,6.41
16.92,2892,1.6,1418,119.0,0.926,0.641,24,4.51,3.78,3.385,2.62,6232.2,0.37,6.24,5.09
16.59,1797,2.43,2224,410.1,0.846,0.737,41,2.16,5.23,3.318,2.34,3757.7,0.64,2.78,7.18
14.81,1544,0.73,2913,104.7,0.94,0.782,5,4.33,3.64,2.962,3.38,3006.8,0.25,5.61,4.9
7.63,1859,1.48,1813,120.4,0.891,0.983,30,3.84,4.16,1.525,3.69,2500.1,1.01,4.29,4.37
13.03,1624,0.84,2397,64.9,0.994,0.441,4,2.21,3.86,2.607,2.94,3098.6,0.3,2.67,4.82
9.14,764,0.6,902,357.7,0.515,0.651,39,3.53,3.7,1.827,3.52,1174.0,0.28,3.93,3.96
4.56,132,1.74,2605,34.6,0.452,0.548,39,2.25,2.58,1.01,4.55,184.2,1.69,2.37,2.68
18.59,2202,0.92,1827,165.6,0.602,0.686,29,4.21,3.76,3.719,2.25,5017.7,0.2,5.76,5.26
5.33,2666,1.68,1638,141.2,0.477,0.952,4,3.64,5.61,1.065,4.39,2774.7,1.48,3.82,5.71
19.15,2903,0.72,709,277.6,0.714,0.834,11,4.86,4.92,3.831,2.35,6674.7,0.2,6.85,7.1
10.58,2159,1.16,1564,365.2,0.78,0.797,6,2.55,3.01,2.116,3.8,3454.1,0.57,2.78,3.64
6.15,1651,2.06,1315,266.4,0.747,0.665,44,3.82,4.57,1.229,4.35,1918.3,1.55,3.92,4.67
12.21,819,1.37,2720,465.5,0.556,0.803,12,2.63,5.62,2.442,2.82,1420.7,0.53,3.04,6.66
17.84,2702,1.76,733,475.7,0.945,0.419,3,3.84,4.95,3.568,2.79,5950.9,0.45,5.16,6.79
15.45,2520,1.79,1292,180.7,0.413,0.752,41,4.17,3.02,3.09,3.34,5193.7,0.6,5.55,4.02
16.71,583,2.19,2407,388.8,0.609,0.732,2,4.17,5.54,3.342,2.47,1368.3,0.54,5.52,7.6
14.2,1072,1.15,2113,369.4,0.831,0.608,11,4.45,3.56,2.84,2.75,2195.6,0.32,5.85,4.56
14.77,2770,1.87,2666,446.5,0.86,0.521,0,4.56,4.09,2.954,3.38,5524.4,0.56,5.9,5.32
17.44,406,2.42,834,224.0,0.65,0.885,26,2.23,4.34,3.487,2.36,846.9,0.58,3.05,6.08
7.24,556,1.96,1859,265.2,0.41,0.432,42,3.03,5.48,1.449,4.17,799.2,1.35,3.21,5.86
11.32,2307,1.48,2139,207.9,0.771,0.442,12,4.06,5.76,2.264,3.06,3816.6,0.63,4.91,6.9
6.76,430,1.76,1597,425.2,0.438,0.664,16,3.5,5.75,1.352,4.73,603.2,1.32,3.66,6.06
19.79,2923,1.98,1714,114.9,0.465,0.552,7,2.57,2.53,3.958,2.99,7012.3,0.5,3.56,3.8
19.05,324,1.72,823,119.9,0.79,0.847,31,3.66,5.73,3.81,2.88,842.7,0.48,5.35,8.03
3.67,2876,0.53,2290,186.3,0.587,0.781,19,3.22,2.69,1.01,4.79,3034.3,0.48,3.32,2.79
14.99,1579,0.89,783,115.2,0.609,0.864,16,3.17,3.43,2.999,2.79,3234.4,0.36,3.95,4.31
18.73,1182,2.12,712,280.5,0.692,0.595,33,4.43,4.3,3.746,2.33,2786.9,0.44,6.27,6.2
6.07,743,1.05,2158,67.2,0.987,0.844,34,3.22,4.18,1.214,4.9,841.1,0.89,3.39,4.28
12.66,715,1.96,2241,160.1,0.979,0.917,34,2.08,4.62,2.531,3.56,1412.5,0.71,2.47,5.62
18.56,294,1.24,1428,456.7,0.65,0.607,37,2.17,4.18,3.713,2.51,653.3,0.36,3.18,6.07
3.58,588,1.54,1251,204.6,0.559,0.604,41,4.57,5.77,1.01,4.9,722.6,1.49,4.67,5.95
14.86,2304,0.64,1917,374.1,0.582,0.94,23,4.88,3.34,2.971,2.57,4563.1,0.25,6.39,4.52
8.05,2757,0.86,2886,56.7,0.561,0.43,17,4.07,3.46,1.611,3.87,3690.3,0.6,4.41,3.63
18.71,1349,2.41,2321,123.8,0.719,0.61,45,3.09,5.72,3.743,2.72,3193.3,0.61,4.55,8.23
19.51,2559,2.28,1545,403.7,0.764,0.471,38,4.82,2.77,3.902,2.42,5942.8,0.57,6.82,3.91
19.05,1202,1.8,2294,381.5,0.693,0.417,32,3.99,4.63,3.811,2.42,2889.9,0.33,5.7,6.39
11.06,1247,1.42,2392,193.1,0.645,0.468,22,4.53,4.89,2.212,2.86,2050.8,0.53,5.28,5.73
17.65,2618,1.85,604,477.2,0.527,0.659,24,4.3,4.27,3.531,2.97,5886.7,0.56,6.03,5.89
17.36,1341,1.74,1989,455.3,0.69,0.812,36,3.14,4.93,3.471,3.07,3007.4,0.48,4.12,6.6
8.42,615,1.64,1982,481.2,0.605,0.574,26,3.44,3.1,1.685,4.32,935.3,0.93,3.61,3.44
17.09,1725,0.62,1955,214.0,0.725,0.91,0,2.56,5.48,3.418,2.92,3742.0,0.2,3.61,7.6
3.63,1227,1.77,1269,98.7,0.805,0.663,20,2.88,2.99,1.01,4.9,1277.0,1.66,2.98,3.09
13.14,492,2.04,2459,313.3,0.78,0.981,9,4.33,3.9,2.627,2.85,1015.8,0.68,5.33,4.8
6.91,730,2.49,2527,342.4,0.677,0.972,30,4.68,2.76,1.382,4.75,877.8,1.74,4.99,2.86
5.05,1947,0.52,878,62.7,0.734,0.864,43,4.17,4.41,1.01,4.9,1997.0,0.46,4.27,4.58
4.31,2755,1.96,1212,393.2,0.571,0.959,24,3.4,4.84,1.01,4.9,2842.3,1.87,3.5,4.94
14.84,1079,1.64,1872,9.0,0.415,0.824,19,2.26,5.79,2.967,3.08,2175.8,0.5,2.8,7.48
8.78,533,1.37,724,241.4,0.775,0.937,1,2.17,5.09,1.756,4.12,747.4,0.75,2.6,5.57
15.32,2687,0.76,2237,165.5,0.552,0.542,14,3.12,4.39,3.064,2.37,5388.4,0.2,4.13,5.91
4.11,377,1.32,1237,370.2,0.801,0.607,27,3.39,5.76,1.01,4.7,427.0,1.27,3.49,5.86
8.36,332,1.21,735,156.4,0.848,0.852,12,3.83,4.17,1.672,4.03,580.4,0.77,4.33,4.56
12.17,1652,1.11,682,413.4,0.95,0.655,13,2.02,4.46,2.434,3.6,2837.0,0.41,2.46,5.39
16.44,1694,1.96,1211,297.5,0.975,0.902,1,4.97,4.59,3.288,2.94,3710.2,0.6,6.57,6.32
8.42,1213,1.9,2392,396.9,0.406,0.927,33,3.09,3.93,1.684,3.77,1669.6,1.16,3.29,4.22
13.64,2509,1.68,2991,494.7,0.994,0.58,34,4.54,5.43,2.728,2.89,4670.0,0.47,5.68,6.9
18.06,125,2.38,2388,339.6,0.81,0.894,36,3.6,3.15,3.612,2.87,344.3,0.5,5.16,4.24
13.47,1517,1.2,1122,492.5,0.786,0.493,24,2.39,4.44,2.694,3.29,2784.2,0.4,2.82,5.75
6.96,2654,0.99,1759,14.4,0.409,0.601,14,4.39,5.03,1.392,4.34,3334.0,0.7,4.54,5.36
3.41,2414,1.81,1650,169.1,0.917,0.711,11,4.13,5.66,1.01,4.77,2549.2,1.76,4.29,5.76
17.79,560,0.9,1248,53.9,0.487,0.536,8,3.58,5.59,3.558,3.08,1197.6,0.2,4.81,7.71
3.36,2603,1.13,2702,131.2,0.902,0.748,30,3.54,4.28,1.01,4.9,2729.2,1.08,3.64,4.38
17.87,1191,0.95,2804,419.4,0.409,0.747,13,2.26,4.75,3.574,2.94,2669.1,0.2,3.02,6.47
11.99,1106,0.64,2782,16.2,0.788,0.524,28,3.97,3.88,2.398,2.94,1892.7,0.34,4.84,4.74
18.96,2094,2.15,2836,260.1,0.661,0.877,42,4.73,4.14,3.793,2.41,4802.8,0.44,6.67,6.05
16.58,590,1.01,1009,283.6,0.52,0.779,37,2.28,5.67,3.316,3.12,1381.8,0.35,2.91,7.59
19.96,1172,1.45,2075,280.6,0.465,0.591,41,2.79,5.76,3.993,2.05,2756.6,0.24,4.08,8.5
8.96,2711,0.59,2323,237.6,0.664,0.539,7,4.71,5.63,1.792,3.75,4027.5,0.26,5.34,6.16
16.04,315,1.9,1284,395.3,0.474,0.927,2,2.85,2.98,3.208,2.77,711.6,0.47,3.87,4.15
9.83,1823,1.16,2845,66.8,0.692,0.901,1,3.96,5.48,1.967,3.82,2739.8,0.65,4.59,6.21
11.16,1692,1.99,636,155.3,0.775,0.538,15,3.6,5.82,2.232,3.13,2837.3,0.72,4.27,6.85
13.67,2706,1.32,2923,307.9,0.896,0.421,18,3.79,3.76,2.734,2.74,5186.7,0.47,4.78,4.73
17.85,258,0.89,2634,345.5,0.807,0.883,29,3.25,4.32,3.571,3.07,666.8,0.29,4.55,6.07
19.73,2636,1.53,2277,202.1,0.439,0.769,40,2.9,5.23,3.946,2.59,6264.1,0.37,4.26,7.62
16.06,785,0.76,1722,437.7,0.584,0.461,15,2.15,4.47,3.212,2.39,1749.9,0.2,2.92,5.94
10.1,2941,1.38,2984,207.7,0.573,0.752,30,4.23,5.98,2.02,3.21,4538.6,0.73,4.92,6.9
10.16,1876,1.13,1833,201.4,0.949,0.671,27,4.24,4.09,2.033,4.01,3054.6,0.6,4.76,4.54
15.54,2152,2.32,2277,18.1,0.921,0.865,3,4.01,5.0,3.108,2.53,4490.7,0.65,5.16,6.5
7.06,1943,0.62,1804,275.6,0.622,0.525,9,3.93,5.27,1.412,4.32,2502.1,0.44,4.08,5.54
4.88,2508,1.89,1263,354.3,0.443,0.672,44,2.73,4.23,1.01,4.9,2637.2,1.84,2.9,4.33
9.03,2606,0.87,1201,57.2,0.936,0.494,17,2.07,5.5,1.806,4.11,3829.1,0.55,2.42,6.19
7.88,2395,1.14,651,152.7,0.933,0.975,31,4.43,4.41,1.577,4.24,3268.4,0.68,4.83,4.88
8.04,1689,1.33,1825,390.6,0.913,0.867,29,3.47,3.94,1.607,4.04,2334.4,0.86,3.69,4.39
6.97,1796,2.32,1801,183.0,0.907,0.842,35,2.92,2.88,1.394,3.75,2231.7,1.57,3.02,2.98
3.72,2569,0.99,2211,120.8,0.688,0.814,8,2.31,3.88,1.01,4.9,2648.8,0.94,2.47,3.99
3.3,2046,0.68,1531,336.1,0.506,0.654,35,2.19,5.07,1.01,4.9,2096.0,0.61,2.35,5.17
19.79,2162,1.14,1306,98.4,0.686,0.954,28,3.05,5.72,3.958,2.94,5146.6,0.2,4.24,8.35
10.27,2883,0.71,734,447.8,0.697,0.444,15,4.41,3.38,2.054,3.48,4527.6,0.35,5.23,3.76
9.53,1245,0.76,1060,52.8,0.694,0.882,27,4.76,3.74,1.907,3.82,1838.2,0.37,5.38,4.34
14.55,2424,1.65,1825,353.3,0.723,0.529,20,4.69,3.04,2.911,2.5,4740.9,0.45,5.96,3.92
6.71,1681,0.62,537,249.8,0.555,0.594,1,4.76,4.92,1.342,4.56,2140.7,0.43,5.1,5.14
19.15,2600,0.56,1659,435.0,0.62,0.712,45,4.72,5.86,3.83,2.39,6044.4,0.2,6.77,8.42
16.37,2745,1.93,920,63.1,0.661,0.87,34,3.58,4.74,3.274,2.61,5859.7,0.62,4.92,6.18
4.52,2593,1.22,1742,338.9,0.479,0.903,27,2.66,4.66,1.01,4.59,2643.0,1.17,2.76,4.76
10.1,2357,0.75,847,286.0,0.673,0.75,35,4.39,4.44,2.02,3.17,3692.3,0.32,4.99,5.16
17.95,2861,1.01,2331,240.0,0.886,0.642,30,2.64,2.81,3.589,2.33,6331.8,0.33,3.59,4.04
19.06,2449,1.78,2069,245.7,0.897,0.968,32,2.8,5.05,3.812,2.39,5629.9,0.38,3.92,7.14
10.95,2032,1.05,2418,361.0,0.647,0.548,22,2.7,4.61,2.189,3.77,3389.4,0.48,3.18,5.33
13.43,1857,1.49,2820,468.9,0.711,0.882,40,3.54,4.82,2.686,2.92,3514.7,0.6,4.35,6.04
5.84,2150,0.74,2401,45.6,0.42,0.767,16,2.97,5.65,1.168,4.85,2361.7,0.6,3.07,5.84
19.85,1089,1.68,2855,9.8,0.805,0.626,45,2.46,5.24,3.97,2.09,2622.8,0.4,3.51,7.55
6.94,1641,1.13,1897,402.9,0.643,0.401,0,3.36,5.23,1.388,4.34,2136.6,0.75,3.65,5.69
19.03,1216,1.75,2324,54.1,0.667,0.668,41,4.62,5.75,3.805,2.55,2788.2,0.36,6.61,8.17
14.04,2667,2.12,2991,493.3,0.924,0.566,22,3.71,5.96,2.809,3.46,5039.5,0.69,4.78,7.4
13.33,592,1.72,1728,309.7,0.677,0.463,26,4.64,4.53,2.666,3.41,1173.1,0.68,5.68,5.56
11.72,719,1.09,904,325.4,0.413,0.445,24,2.59,2.88,2.343,3.22,1184.9,0.42,3.04,3.44
6.92,2478,1.01,2221,99.4,0.536,0.609,31,2.5,4.11,1.384,4.52,3182.4,0.79,2.6,4.42
6.0,2480,1.15,1720,120.2,0.685,0.769,18,3.73,5.26,1.2,4.26,2851.5,1.03,3.83,5.36
6.75,2197,0.83,614,329.7,0.655,0.903,23,3.39,2.6,1.35,4.37,2693.9,0.55,3.49,2.92
6.17,1646,0.86,2176,454.9,0.916,0.51,2,3.98,2.7,1.234,4.08,1913.1,0.66,4.08,2.8
16.25,962,2.08,564,491.2,0.725,0.655,11,4.38,2.74,3.251,2.62,2074.4,0.6,5.9,3.67
8.95,1791,1.27,1799,99.0,0.814,0.635,34,4.25,5.06,1.79,3.46,2545.6,0.67,4.96,5.47
3.98,1705,1.37,1324,67.1,0.682,0.708,14,4.83,4.25,1.01,4.9,1851.6,1.28,4.93,4.41
19.47,2419,1.69,2786,28.2,0.664,0.886,16,3.19,3.79,3.895,2.52,5733.6,0.48,4.71,5.55
18.02,679,1.68,2849,434.1,0.668,0.732,31,2.62,2.87,3.605,2.88,1500.1,0.46,3.49,3.87
18.77,1990,0.63,1915,147.4,0.647,0.908,6,3.65,5.06,3.754,2.6,4611.7,0.2,5.23,7.33
19.91,1375,2.16,1468,0.9,0.723,0.711,18,2.33,3.62,3.983,2.09,3238.1,0.5,3.43,5.17
5.96,2707,0.85,868,111.9,0.55,0.762,6,2.87,3.43,1.191,4.82,2973.4,0.62,3.11,3.6
9.74,2843,1.95,732,170.2,0.935,0.662,4,2.62,4.78,1.947,3.92,4387.9,0.93,2.84,5.59
15.89,1955,2.05,2742,495.5,0.6,0.894,39,3.19,4.46,3.178,3.21,4106.8,0.66,4.16,6.01
14.83,2593,1.93,1406,261.8,0.489,0.954,20,2.33,3.77,2.966,2.98,5183.0,0.66,2.86,5.05
5.62,1455,1.66,1420,102.4,0.458,0.783,6,2.1,4.75,1.123,4.9,1551.3,1.43,2.2,4.98
16.87,1262,0.53,1188,167.4,0.408,0.892,36,3.97,3.45,3.374,2.97,2769.3,0.2,5.55,4.88
6.82,456,1.22,676,165.2,0.654,0.435,22,3.83,5.28,1.363,3.94,514.7,0.91,4.15,5.44
6.8,1724,1.71,2764,9.9,0.513,0.944,10,4.13,3.3,1.361,3.95,2162.1,1.19,4.44,3.4
12.13,2421,1.27,1534,67.6,0.413,0.513,9,3.98,3.06,2.426,2.78,4273.1,0.39,4.85,3.76
13.08,2106,2.23,1969,347.6,0.712,0.554,20,2.34,5.24,2.616,2.91,3922.4,0.77,3.06,6.6
12.86,2458,1.12,1129,60.1,0.808,0.432,40,2.87,4.98,2.572,3.09,4565.5,0.42,3.53,6.17
4.56,969,1.09,663,115.4,0.451,0.979,32,2.39,3.14,1.01,4.9,1095.1,0.98,2.49,3.24
17.92,985,1.03,2600,175.4,0.677,0.911,19,4.53,2.91,3.583,2.57,2333.2,0.2,6.42,4.17
7.52,2101,1.17,2765,378.9,0.846,0.948,32,4.24,5.43,1.503,4.3,2855.6,0.69,4.47,6.03
5.2,2301,1.61,1323,291.2,0.991,0.908,39,2.6,5.22,1.04,4.9,2463.1,1.52,2.7,5.32
18.11,1513,1.91,2932,344.5,0.8,0.688,34,3.02,3.65,3.622,2.33,3523.2,0.47,4.06,4.97
19.25,1383,1.83,555,283.5,0.547,0.954,33,4.9,4.8,3.849,2.11,3334.7,0.37,7.04,6.66
17.66,719,2.12,617,341.8,0.83,0.982,35,3.78,2.93,3.531,2.71,1677.4,0.48,5.26,3.94
16.76,982,2.27,1297,1.4,0.759,0.702,26,4.4,4.27,3.352,2.93,2056.6,0.67,5.86,5.86
14.14,896,2.13,1279,465.4,0.527,0.505,18,2.79,2.57,2.828,3.47,1675.6,0.61,3.65,3.43
12.36,2272,0.54,1938,55.5,0.911,0.795,42,2.63,3.87,2.473,3.04,4118.5,0.2,3.32,4.56
4.48,1396,1.97,2393,203.1,0.656,0.985,4,4.35,2.76,1.01,4.9,1452.6,1.92,4.53,2.86
9.94,718,0.92,1207,385.5,0.977,0.923,28,4.06,4.16,1.989,3.43,1216.3,0.46,4.69,4.86
9.34,1934,0.77,1603,217.6,0.834,0.917,9,4.04,3.98,1.867,3.85,2869.8,0.43,4.68,4.4
7.42,344,1.78,521,473.4,0.787,0.96,39,3.66,4.06,1.483,4.2,469.6,1.14,4.02,4.38
15.3,2995,1.14,2000,233.8,0.837,0.936,12,3.69,2.66,3.06,2.41,6114.8,0.24,4.73,3.57
11.43,2597,0.61,1342,437.5,0.687,0.866,28,4.21,3.77,2.286,2.89,4487.1,0.28,4.94,4.63
4.38,1029,0.78,2260,405.4,0.703,0.831,4,2.81,5.15,1.01,4.5,1079.0,0.73,2.91,5.25
6.74,1370,0.5,1616,490.5,0.911,0.559,11,3.06,3.79,1.349,4.18,1773.9,0.28,3.16,4.09
14.62,619,2.31,691,463.3,0.809,0.773,12,4.61,5.0,2.923,3.17,1318.8,0.7,5.87,6.37
4.29,2509,0.55,1518,449.1,0.938,0.713,21,2.93,3.79,1.01,4.65,2559.0,0.5,3.03,3.89
17.47,107,0.92,1626,365.8,0.934,0.917,39,3.64,3.98,3.494,2.78,254.9,0.2,4.84,5.35
11.42,2625,1.33,895,183.5,0.986,0.695,14,4.11,4.47,2.283,3.1,4357.3,0.53,4.75,5.28
11.17,2119,1.21,1518,53.1,0.82,0.477,12,5.0,5.83,2.234,3.64,3455.1,0.49,5.91,6.72
13.07,594,2.32,1066,344.3,0.701,0.403,0,3.31,2.88,2.614,3.39,1128.4,0.87,4.2,3.49
17.02,1729,0.58,730,489.3,0.5,0.807,37,3.28,2.62,3.404,2.99,3686.9,0.22,4.6,3.62
8.91,2980,1.52,1373,363.3,0.823,0.73,42,4.53,4.63,1.783,3.77,4265.6,0.86,5.08,5.23
14.53,1162,1.86,739,464.4,0.575,0.599,44,4.42,5.82,2.905,2.72,2382.4,0.55,5.67,7.32
12.62,2740,2.36,589,402.2,0.57,0.501,0,4.19,5.96,2.523,3.46,4950.7,0.77,5.11,7.24
7.54,286,1.74,2779,81.6,0.543,0.68,10,3.39,4.19,1.508,3.76,446.4,1.08,3.53,4.54
17.94,2901,2.11,956,124.6,0.925,0.46,42,2.97,4.14,3.587,2.43,6433.4,0.55,3.98,5.67
16.56,1977,0.67,2780,170.9,0.921,0.602,39,3.83,4.76,3.311,2.43,4294.1,0.22,5.27,6.37
14.19,2240,1.27,853,84.1,0.779,0.628,21,4.63,4.44,2.839,3.14,4423.4,0.5,5.89,5.76
17.46,185,1.25,1504,290.8,0.684,0.679,34,4.65,4.72,3.492,2.86,458.9,0.31,6.51,6.29
17.74,236,2.27,1856,487.7,0.803,0.68,43,2.33,5.56,3.549,2.81,653.4,0.59,3.3,7.59
15.04,2568,0.8,938,380.7,0.764,0.554,5,3.29,5.11,3.008,2.8,5230.6,0.25,4.15,6.51
17.23,2221,0.8,1898,211.7,0.649,0.91,27,3.39,4.24,3.446,2.29,4908.6,0.2,4.64,5.65
14.86,1736,1.16,844,2.3,0.628,0.613,30,4.93,4.12,2.971,3.31,3525.7,0.34,6.37,5.52
14.56,2318,0.61,1156,156.6,0.63,0.538,7,4.03,4.74,2.912,2.94,4492.5,0.2,5.16,6.05
13.52,1851,0.86,2677,263.4,0.753,0.505,4,3.22,4.09,2.703,2.95,3450.3,0.38,4.06,5.15
15.8,2317,2.43,2688,162.1,0.789,0.594,41,2.08,4.1,3.159,2.9,4718.5,0.66,2.94,5.52
5.7,1887,1.36,2962,55.5,0.671,0.441,43,3.7,2.56,1.139,4.38,1998.9,1.27,3.9,2.66
17.97,971,1.76,1616,221.4,0.981,0.42,16,2.29,3.11,3.595,2.27,2142.0,0.44,3.34,4.22
17.82,2469,1.95,1125,126.6,0.45,0.763,37,4.5,4.21,3.564,2.55,5590.0,0.43,6.05,5.96
3.5,2603,1.23,783,454.6,0.608,0.771,8,4.26,5.38,1.01,4.7,2653.0,1.16,4.36,5.53
17.04,1043,0.79,2479,50.9,0.651,0.718,9,3.38,3.48,3.408,2.45,2388.3,0.2,4.44,4.68
5.19,1726,0.91,2178,24.6,0.41,0.857,19,3.29,4.33,1.038,4.9,1836.3,0.86,3.39,4.43
8.7,2937,1.13,722,2.7,0.619,0.423,13,4.69,3.71,1.739,3.82,4148.5,0.52,5.19,4.22
15.64,2760,1.77,1243,164.0,0.564,0.962,13,2.87,2.87,3.128,2.81,5678.6,0.49,3.84,3.7
5.73,448,1.3,962,330.2,0.704,0.457,25,2.75,5.85,1.147,4.86,498.0,1.21,2.85,5.95
16.91,1776,0.51,2068,365.2,0.602,0.804,28,4.82,5.49,3.381,3.17,3949.6,0.2,6.7,7.36
17.15,1296,1.55,2205,226.6,0.836,0.48,26,4.43,2.77,3.429,2.31,2919.1,0.45,6.22,3.74
11.63,109,2.34,1663,342.2,0.706,0.928,24,4.46,5.02,2.325,3.61,159.0,0.85,5.21,5.84
3.11,2887,2.12,2904,180.0,0.478,0.706,15,2.59,3.72,1.01,4.9,3044.6,2.07,2.73,3.82
7.88,1561,2.15,2236,333.9,0.85,0.449,35,2.43,5.98,1.576,3.63,2168.5,1.26,2.63,6.59
13.49,766,2.09,1546,20.3,0.46,0.77,33,2.08,3.56,2.698,2.84,1390.7,0.78,2.59,4.47
19.68,2693,1.15,1164,195.4,0.903,0.405,15,2.71,3.34,3.936,2.5,6425.0,0.2,4.02,4.63
13.74,1622,2.03,1856,395.4,0.959,0.866,32,4.32,4.49,2.748,3.21,3130.5,0.66,5.29,5.64
7.42,2276,0.79,1514,401.5,0.593,0.79,2,2.72,5.42,1.483,3.85,2905.8,0.53,3.07,5.9
13.78,700,1.82,2632,358.1,0.956,0.528,22,4.19,3.17,2.756,3.05,1420.7,0.6,5.36,3.83
12.18,2752,1.78,1554,102.1,0.876,0.625,10,2.76,4.98,2.436,3.39,4768.2,0.74,3.5,5.88
16.26,426,0.55,2264,123.6,0.953,0.405,17,3.19,2.71,3.251,2.72,938.0,0.2,4.46,3.58
4.82,1079,2.08,2787,498.0,0.8,0.816,40,4.95,5.72,1.01,4.9,1129.0,2.03,5.05,5.82
15.94,2551,2.31,2413,51.7,0.541,0.594,43,2.73,2.78,3.187,3.17,5408.4,0.7,3.47,3.87
12.2,728,1.03,862,90.3,0.937,0.743,28,3.13,5.7,2.44,3.17,1371.7,0.39,3.67,6.96
19.37,1729,2.12,1912,65.0,0.511,0.974,4,2.9,4.22,3.874,3.01,4012.7,0.46,4.08,5.95
8.81,2865,0.66,1167,163.8,0.528,0.58,23,2.33,4.07,1.762,3.34,4100.9,0.26,2.44,4.62
13.75,373,1.7,2380,105.1,0.563,0.994,28,3.47,5.91,2.751,2.52,684.2,0.61,4.51,7.41
18.84,784,1.47,1894,248.8,0.583,0.78,28,3.14,5.97,3.769,2.46,1899.9,0.44,4.36,8.3
4.74,215,1.59,598,238.0,0.709,0.545,25,4.08,4.78,1.01,4.9,265.0,1.54,4.28,4.88
18.93,960,2.35,2594,450.8,0.828,0.662,39,4.45,2.94,3.787,2.7,2324.4,0.62,6.4,4.23
14.69,2103,2.24,921,17.4,0.956,0.844,2,3.63,4.27,2.939,2.89,4263.7,0.69,4.56,5.33
4.15,792,2.07,2003,159.9,0.453,0.668,1,2.1,4.35,1.01,4.6,882.3,1.99,2.2,4.45
8.12,1205,1.05,561,298.3,0.973,0.441,24,3.86,4.3,1.623,3.59,1623.7,0.52,4.2,4.59
15.04,2471,2.32,1632,302.4,0.953,0.501,18,2.17,4.49,3.008,3.24,4939.9,0.72,2.82,5.73
4.14,2261,0.7,2202,240.1,0.432,0.875,39,3.85,2.57,1.01,4.9,2320.6,0.65,3.95,2.67
12.9,1892,2.21,1097,407.8,0.616,0.789,1,4.06,4.99,2.579,3.29,3491.6,0.83,4.83,6.3
8.88,253,1.16,891,31.4,0.888,0.742,18,2.59,4.99,1.776,3.92,446.0,0.65,2.97,5.66
13.56,2000,0.61,1575,407.7,0.767,0.501,0,4.46,2.9,2.711,3.13,3791.2,0.3,5.6,3.71
3.78,1527,1.84,1812,247.4,0.867,0.903,26,4.73,4.5,1.01,4.68,1577.0,1.79,4.86,4.67
17.82,1389,0.96,2529,66.9,0.831,0.976,44,4.44,4.49,3.563,2.58,3201.5,0.22,6.27,6.04
19.55,414,0.99,2884,442.9,0.698,0.425,34,2.92,4.89,3.91,2.72,937.0,0.2,4.08,6.89
19.47,1164,1.11,1309,324.6,0.425,0.447,40,3.76,2.8,3.894,2.57,2765.7,0.24,5.21,3.98
15.74,204,0.63,1905,81.8,0.751,0.931,4,4.74,4.69,3.149,2.34,522.9,0.25,6.35,6.15
5.21,2024,0.85,1659,16.8,0.429,0.889,37,2.96,3.48,1.042,4.9,2074.0,0.72,3.17,3.58
15.89,2013,0.51,2031,70.6,0.762,0.771,3,4.46,4.27,3.178,3.15,4237.7,0.24,5.9,5.55
3.42,1316,1.39,1885,304.4,0.88,0.967,16,2.03,5.21,1.01,4.74,1438.2,1.34,2.13,5.31
3.38,1524,0.67,1380,89.6,0.751,0.788,20,2.01,4.97,1.01,4.9,1615.7,0.62,2.11,5.07
8.5,2501,1.87,2099,112.9,0.998,0.53,30,4.28,2.92,1.7,4.26,3437.5,1.01,4.64,3.39
11.31,1872,0.97,753,12.6,0.674,0.837,21,4.28,4.57,2.261,2.92,3103.4,0.34,5.03,5.39
16.1,2060,2.39,2567,361.5,0.849,0.787,10,4.37,5.89,3.219,2.79,4296.3,0.61,5.79,7.67
14.62,2880,2.24,1668,405.2,0.8,0.991,33,4.79,3.05,2.923,2.88,5627.3,0.6,6.23,4.01
10.58,1703,1.08,1731,398.4,0.995,0.528,14,2.35,5.49,2.116,3.35,2863.2,0.47,2.66,6.32
7.65,808,2.07,2923,63.8,0.828,0.759,9,2.7,4.96,1.53,4.38,1134.5,1.21,2.8,5.25
19.95,750,2.11,665,451.7,0.498,0.868,37,4.71,5.21,3.99,2.38,1790.5,0.5,6.77,7.48
10.25,2971,2.47,2073,336.1,0.973,0.603,31,2.53,3.49,2.049,3.06,4787.7,1.1,3.07,4.13
10.67,1046,1.7,1116,448.8,0.801,0.628,30,4.05,3.51,2.135,2.99,1778.4,0.68,4.73,4.23
5.78,760,0.66,2125,223.6,0.436,0.933,36,3.59,5.67,1.156,4.19,839.1,0.57,3.86,5.84
16.51,2246,1.79,1002,218.5,0.795,0.643,43,2.25,3.76,3.302,2.66,4764.6,0.58,3.03,4.99
14.79,2735,1.75,1412,392.3,0.93,0.775,27,2.86,2.72,2.959,3.13,5377.3,0.57,3.61,3.44
6.75,2429,1.78,2626,46.6,0.746,0.934,30,3.56,4.6,1.351,4.01,3075.2,1.27,3.66,4.7
4.4,2550,1.11,1084,260.4,0.612,0.526,5,4.56,2.94,1.01,4.9,2619.4,1.06,4.66,3.11
14.57,1232,2.22,2458,418.2,0.893,0.989,13,4.12,5.29,2.914,3.12,2533.0,0.73,5.32,6.86
14.13,799,2.42,895,415.1,0.87,0.821,22,3.87,4.75,2.825,2.73,1548.5,0.85,4.97,5.86
7.65,2346,0.94,2131,478.1,0.727,0.698,15,3.49,5.56,1.529,4.14,3181.3,0.53,3.87,6.07
19.16,2138,0.68,2380,349.1,0.493,0.659,24,2.9,5.25,3.833,2.74,4912.0,0.23,4.22,7.46
5.57,2474,0.89,901,103.9,0.551,0.973,38,2.36,2.89,1.114,4.7,2792.5,0.75,2.46,3.13
10.35,2301,2.14,1474,10.1,0.843,0.523,1,3.23,3.83,2.07,3.31,3758.1,1.05,3.87,4.58
19.04,651,1.85,723,239.7,0.884,0.587,37,2.09,5.21,3.808,2.68,1524.2,0.38,2.98,7.27
10.14,504,1.77,1017,256.9,0.568,0.585,40,2.63,3.96,2.027,3.99,888.8,0.9,3.0,4.66
13.85,561,1.3,735,120.1,0.621,0.573,38,3.3,5.9,2.771,2.93,1161.2,0.52,4.19,7.47
9.76,2279,1.66,615,62.3,0.447,0.681,33,3.26,5.08,1.952,3.47,3591.8,0.72,3.77,5.67
7.66,2938,1.12,725,293.1,0.828,0.994,39,2.13,2.55,1.532,4.0,3847.6,0.79,2.23,2.84
19.73,973,1.45,2777,382.1,0.402,0.933,42,3.77,5.58,3.946,2.09,2337.6,0.24,5.4,8.06
9.96,183,2.09,681,496.6,0.428,0.597,24,3.65,2.85,1.992,3.6,404.5,0.92,4.13,3.09
18.2,1522,2.46,1841,379.2,0.403,0.654,35,2.23,2.99,3.64,2.45,3518.4,0.58,3.06,4.24
6.91,2901,2.36,709,396.8,0.787,0.802,15,4.83,5.07,1.382,3.87,3579.6,1.76,4.94,5.42
6.62,2775,2.37,1915,308.2,0.65,0.41,17,2.3,5.53,1.325,4.31,3427.1,1.74,2.4,5.65
3.53,320,1.3,2643,493.0,0.579,0.892,12,4.56,4.38,1.01,4.48,370.0,1.25,4.66,4.48
14.08,2700,1.44,1393,320.0,0.948,0.928,36,2.0,3.51,2.816,2.88,5262.9,0.5,2.5,4.5
9.26,1491,1.91,2381,430.1,0.516,0.914,26,4.65,3.73,1.853,3.28,2183.6,1.06,5.4,4.06
17.69,211,2.34,1609,472.9,0.634,0.625,33,2.06,3.7,3.539,2.18,472.1,0.64,2.73,5.25
11.04,714,0.78,2962,464.9,0.964,0.677,10,4.27,3.64,2.209,3.69,1220.3,0.27,5.01,4.12
19.46,1681,1.11,2526,190.7,0.656,0.407,0,3.09,3.35,3.892,2.95,3970.2,0.21,4.35,4.64
6.15,574,0.78,893,39.3,0.733,0.64,12,4.21,4.63,1.231,4.21,707.7,0.54,4.48,4.73
17.77,2983,1.72,1343,85.9,0.448,0.676,29,3.21,5.65,3.553,2.69,6647.7,0.46,4.25,7.83
16.2,2013,1.11,2024,29.6,0.874,0.944,4,2.21,3.57,3.24,2.56,4213.6,0.24,2.83,4.82
16.11,370,1.15,1103,52.7,0.654,0.936,17,4.3,3.15,3.221,2.78,753.7,0.27,5.62,4.17
17.36,2568,0.64,1081,92.3,0.88,0.98,13,2.21,5.44,3.472,2.62,5694.5,0.24,3.23,7.37
15.94,2020,1.2,2542,170.5,0.552,0.931,12,4.77,5.1,3.187,2.57,4198.7,0.3,6.36,6.89
13.65,2854,2.22,2439,271.8,0.653,0.405,31,2.15,5.76,2.729,3.23,5396.5,0.75,2.57,7.08
5.23,1490,0.97,632,355.8,0.872,0.785,6,3.44,3.08,1.046,4.51,1611.6,0.9,3.54,3.18
3.55,139,1.89,2768,105.5,0.984,0.441,7,4.17,3.0,1.01,4.53,271.8,1.78,4.27,3.1
18.65,2082,1.76,1475,336.3,0.436,0.564,6,3.18,4.4,3.731,2.86,4832.4,0.39,4.33,6.0
13.48,2336,2.23,2313,352.1,0.887,0.747,15,2.65,4.65,2.697,3.21,4301.5,0.73,3.45,5.78
16.54,1093,0.76,2043,279.3,0.58,0.82,42,4.28,4.18,3.308,2.75,2426.4,0.28,5.76,5.51
11.19,2112,2.46,1857,451.8,0.73,0.793,30,4.35,4.6,2.237,3.31,3641.3,0.98,5.21,5.36
4.99,2683,1.67,538,55.5,0.574,0.429,26,4.77,3.13,1.01,4.9,2744.2,1.62,4.87,3.26
5.13,389,2.49,1816,88.6,0.768,0.462,32,3.13,4.18,1.026,4.87,539.1,2.44,3.23,4.28
14.65,2580,2.32,661,214.3,0.612,0.477,28,3.52,4.8,2.931,2.81,5111.9,0.76,4.44,6.31
10.32,2618,0.94,2409,63.4,0.6,0.455,7,3.09,4.01,2.063,3.48,4158.5,0.48,3.51,4.72
6.41,2775,0.61,1627,283.1,0.423,0.507,32,2.77,4.88,1.282,4.44,3257.0,0.56,2.95,5.01
11.36,378,1.01,2708,199.2,0.488,0.813,40,4.25,4.08,2.271,3.51,712.7,0.47,4.92,4.88
4.09,680,1.56,2158,142.3,0.95,0.899,18,3.02,3.67,1.01,4.9,730.0,1.51,3.12,3.77
12.89,962,0.84,2463,85.0,0.999,0.645,20,3.28,3.56,2.579,2.99,1710.0,0.36,4.2,4.26
7.57,353,0.83,1557,167.7,0.868,0.816,40,3.21,3.94,1.515,3.98,413.0,0.53,3.31,4.41
16.56,280,1.43,2789,304.0,0.572,0.52,20,4.14,2.58,3.312,2.62,600.3,0.34,5.73,3.5
8.28,780,0.57,1466,287.9,0.641,0.984,24,4.75,4.84,1.655,3.92,1097.9,0.29,5.05,5.47
10.74,924,0.74,1389,81.8,0.844,0.61,41,4.0,5.46,2.148,3.37,1550.3,0.27,4.63,6.53
3.2,799,1.33,2660,62.5,0.981,0.908,22,3.41,3.74,1.01,4.9,849.0,1.25,3.51,3.84
4.23,2713,0.63,2865,13.3,0.673,0.967,10,4.34,2.66,1.01,4.9,2876.7,0.56,4.44,2.76
9.67,1449,1.29,2570,6.2,0.898,0.919,32,3.92,5.95,1.934,3.99,2197.0,0.54,4.31,6.65
11.16,1480,1.45,2166,439.9,0.985,0.44,19,2.18,3.42,2.232,3.56,2482.6,0.68,2.7,4.19
13.2,1773,1.4,1941,22.5,0.924,0.79,24,2.29,2.94,2.64,3.55,3223.2,0.57,3.04,3.81
7.96,2827,2.24,1567,365.6,0.536,0.472,25,2.11,3.79,1.592,4.1,3782.0,1.36,2.21,4.14
14.81,2538,1.56,627,436.0,0.405,0.403,39,3.37,5.08,2.963,3.37,4963.7,0.54,4.52,6.42
17.62,1738,1.44,657,49.0,0.695,0.431,11,4.48,3.53,3.524,2.32,3881.2,0.3,6.2,4.72
16.26,2057,1.32,1326,218.2,0.719,0.95,31,2.94,4.51,3.251,2.33,4398.4,0.44,4.11,6.16
3.67,311,2.14,2390,481.2,0.521,0.945,32,3.15,3.95,1.01,4.9,361.0,2.09,3.25,4.13
11.17,1638,2.29,1011,417.1,0.571,0.535,9,4.73,2.91,2.234,3.83,2730.4,0.86,5.72,3.33
4.78,483,2.21,2592,244.9,0.859,0.728,3,4.51,3.66,1.01,4.89,533.0,2.11,4.61,3.76
7.11,1814,1.85,2766,381.3,0.682,0.973,14,4.0,5.04,1.423,3.9,2379.3,1.21,4.4,5.29
19.77,441,0.77,942,416.7,0.59,0.698,5,2.8,4.64,3.955,2.54,1147.4,0.2,4.11,6.51
5.42,1938,1.05,2862,174.0,0.774,0.636,26,2.35,2.92,1.084,4.9,2001.4,0.93,2.45,3.09
11.48,2087,0.59,2724,446.1,0.792,0.69,4,2.05,3.07,2.296,3.11,3531.8,0.2,2.32,3.67
13.51,943,2.36,2775,235.2,0.862,0.874,4,2.32,4.74,2.702,3.26,1896.1,0.74,3.04,6.01
14.94,1634,1.82,2226,263.9,0.494,0.686,17,2.88,5.35,2.988,3.37,3267.3,0.5,3.78,6.91
12.51,519,1.99,2506,499.9,0.845,0.87,27,3.66,3.72,2.503,3.56,976.1,0.83,4.42,4.5
3.17,2898,1.12,2195,421.7,0.76,0.659,34,2.19,4.58,1.01,4.77,2948.0,1.06,2.29,4.68
8.55,2088,2.19,766,180.9,0.435,0.551,21,2.41,3.1,1.71,3.65,2989.0,1.16,2.8,3.54
11.8,2032,1.02,1337,5.2,0.866,0.596,33,2.54,3.59,2.36,3.13,3621.1,0.43,3.0,4.4
4.49,1949,0.5,988,313.1,0.63,0.447,3,3.9,2.57,1.01,4.87,2110.7,0.45,4.0,2.67
8.96,405,1.25,1201,352.0,0.598,0.698,17,3.85,5.19,1.792,3.34,688.1,0.64,4.47,5.73
3.56,2849,1.64,1186,325.4,0.669,0.489,40,3.65,3.9,1.01,4.9,2899.0,1.59,3.75,4.0
4.34,968,1.46,1495,483.9,0.608,0.887,25,2.75,5.36,1.01,4.84,1022.9,1.41,2.85,5.46
9.75,2684,2.22,856,431.5,0.603,0.652,41,3.11,4.98,1.95,3.96,4095.1,1.01,3.44,5.74
5.26,1235,0.71,1371,224.4,0.885,0.859,21,2.29,5.4,1.051,4.9,1421.3,0.64,2.47,5.5
12.65,1534,1.61,2473,31.4,0.475,0.973,32,2.68,3.5,2.53,2.67,2831.5,0.6,3.18,4.28
14.72,305,1.53,2751,238.0,0.982,0.91,42,4.69,3.15,2.944,3.4,638.8,0.44,6.12,4.2
16.61,595,1.06,1051,344.6,0.733,0.971,13,4.94,5.9,3.322,2.95,1212.5,0.32,6.81,7.96
6.4,2009,2.14,2310,303.9,0.51,0.741,30,3.94,5.01,1.281,4.44,2398.8,1.58,4.04,5.18
5.85,2651,2.01,822,269.1,0.479,0.499,9,4.75,5.42,1.169,4.51,3070.2,1.73,5.0,5.52
4.78,1145,1.97,2728,234.4,0.755,0.961,23,3.93,2.55,1.01,4.9,1206.8,1.91,4.03,2.68
13.82,312,2.25,582,146.9,0.78,0.921,20,2.1,3.74,2.764,2.83,575.5,0.73,2.72,4.76
15.01,409,1.95,2850,138.7,0.432,0.919,7,4.99,5.1,3.002,3.01,767.4,0.59,6.44,6.47
3.54,2808,0.96,761,250.1,0.546,0.816,31,2.3,2.77,1.01,4.57,2858.0,0.91,2.4,2.87
18.92,2091,1.91,1283,80.3,0.877,0.775,30,4.05,4.49,3.783,2.69,4936.6,0.39,5.64,6.33
3.88,2900,1.12,1723,170.3,0.43,0.409,33,2.76,4.0,1.01,4.75,3067.4,1.07,2.86,4.13
12.2,371,0.98,1413,162.0,0.913,0.849,22,3.18,2.56,2.44,2.72,787.0,0.41,4.04,3.28
15.05,1922,0.65,1443,293.6,0.795,0.455,24,3.94,3.33,3.011,2.93,3923.5,0.2,4.93,4.37
17.81,2179,1.99,1818,33.3,0.661,0.556,6,3.31,3.5,3.561,2.73,4881.2,0.59,4.71,4.93
15.14,542,1.92,2035,414.8,0.608,0.731,18,2.75,2.89,3.028,2.8,1151.3,0.6,3.46,3.59
16.63,2309,0.97,1188,281.2,0.412,0.671,6,3.0,4.71,3.326,2.31,4951.2,0.25,4.01,6.38
8.77,2914,2.0,2943,335.4,0.895,0.409,7,3.02,3.35,1.754,4.17,4231.7,1.01,3.5,3.83
16.85,353,2.34,2272,351.5,0.486,0.894,13,4.88,3.47,3.37,2.83,788.1,0.62,6.49,4.7
4.36,620,0.72,1338,145.7,0.586,0.927,0,4.4,5.64,1.01,4.59,707.7,0.64,4.55,5.74
18.21,1076,0.97,1377,235.2,0.741,0.809,12,3.38,4.13,3.642,2.63,2388.0,0.22,4.71,5.93
12.31,109,2.0,548,478.1,0.548,0.725,2,2.6,3.87,2.462,3.18,194.5,0.72,3.12,4.6
16.89,2873,1.05,792,383.4,0.698,0.976,27,4.43,5.03,3.379,2.28,6266.3,0.32,6.08,6.67
10.69,2652,1.75,2151,484.8,0.886,0.472,37,2.47,5.68,2.138,3.53,4394.7,0.7,2.83,6.73
13.94,2932,0.66,1035,373.1,0.682,0.843,14,2.63,2.59,2.788,3.3,5623.1,0.28,3.28,3.41
11.95,1683,1.4,810,87.8,0.969,0.477,35,3.1,4.07,2.39,3.48,2857.4,0.5,3.84,5.06
15.44,2583,1.98,1036,32.3,0.909,0.629,2,4.64,4.64,3.087,2.55,5360.8,0.56,6.02,6.15
4.39,1234,1.87,2426,288.8,0.6,0.751,3,2.4,3.61,1.01,4.9,1332.1,1.82,2.5,3.75
4.03,252,2.13,733,178.9,0.64,0.842,4,2.37,5.2,1.01,4.82,302.0,2.08,2.49,5.3
7.2,1758,2.25,1732,137.7,0.654,0.402,25,3.48,5.9,1.44,4.61,2277.8,1.47,3.83,6.12
5.71,2900,2.05,2641,403.6,0.776,0.556,24,2.83,5.8,1.142,4.25,3187.7,1.74,2.93,6.03
17.82,1956,1.84,2874,183.5,0.572,0.723,9,3.71,3.43,3.564,2.63,4371.5,0.42,5.14,4.62
6.73,1314,0.56,2772,158.5,0.982,0.72,7,3.35,3.29,1.345,4.41,1709.0,0.43,3.61,3.39
19.59,1852,1.57,1466,425.0,0.765,0.783,11,3.3,5.85,3.918,2.27,4330.3,0.32,4.76,8.37
8.73,2710,0.58,1389,423.1,0.64,0.582,2,2.34,4.11,1.745,4.06,3809.2,0.36,2.56,4.49
6.1,1204,2.12,2558,178.2,0.787,0.724,26,2.42,3.23,1.219,4.66,1313.3,1.72,2.7,3.33
16.42,2636,1.14,534,416.2,0.637,0.514,22,4.46,4.97,3.285,2.28,5556.2,0.24,5.85,6.55
14.2,994,1.62,946,425.4,0.891,0.512,39,4.66,3.5,2.84,3.08,1887.9,0.48,5.98,4.38
11.47,1211,1.06,2263,212.0,0.741,0.746,32,2.7,3.44,2.294,3.29,2028.7,0.37,3.38,3.91
12.44,203,2.07,2988,33.2,0.425,0.811,13,2.34,5.58,2.488,2.87,311.1,0.74,2.94,6.81
15.23,2014,2.27,2058,0.8,0.506,0.472,22,2.16,3.07,3.045,3.36,4034.9,0.67,2.98,4.12
6.88,1106,1.3,1094,261.6,0.919,0.474,30,3.82,2.73,1.377,4.66,1367.2,0.91,3.98,3.02
19.94,506,2.23,2525,172.0,0.738,0.739,12,4.15,3.44,3.988,2.3,1157.4,0.54,5.91,5.11
19.57,1501,1.03,2776,498.6,0.97,0.562,11,3.12,4.62,3.914,2.57,3593.6,0.2,4.62,6.61
14.06,266,1.57,843,386.2,0.443,0.635,34,4.04,2.93,2.811,2.8,571.3,0.59,5.09,3.82
6.39,608,2.22,1603,380.6,0.577,0.64,17,4.14,4.15,1.278,4.7,678.3,1.66,4.4,4.25
14.56,1761,1.15,1919,477.6,0.516,0.507,20,4.81,4.7,2.913,3.36,3504.2,0.32,6.04,5.87
4.23,2460,2.41,1813,443.9,0.732,0.401,44,2.19,5.47,1.01,4.83,2625.1,2.36,2.3,5.57
3.52,862,0.74,1978,159.1,0.63,0.912,41,2.58,3.3,1.01,4.9,1006.3,0.69,2.68,3.4
7.38,780,0.54,1651,83.0,0.494,0.829,0,2.21,5.36,1.476,4.11,945.5,0.33,2.31,5.86
10.86,2624,2.31,2421,372.9,0.786,0.814,37,4.6,3.32,2.173,3.29,4371.1,1.03,5.41,3.95
17.76,2220,0.64,1882,189.1,0.722,0.728,40,4.38,4.87,3.552,3.09,4923.1,0.23,6.13,6.6
15.36,1264,2.48,2622,236.6,0.565,0.821,41,3.72,4.01,3.072,2.86,2512.0,0.78,4.69,5.39
15.63,681,2.4,2069,315.2,0.688,0.961,8,2.25,2.9,3.125,2.8,1397.4,0.59,3.02,3.88
10.23,361,0.77,2394,453.9,0.847,0.799,22,2.82,5.0,2.047,3.67,579.2,0.42,3.28,5.91
8.88,1463,1.58,2743,209.5,0.523,0.559,13,2.89,3.26,1.776,3.51,2149.6,0.89,3.12,3.75
9.31,1431,0.87,2366,391.7,0.576,0.742,10,3.68,3.12,1.862,3.49,2192.3,0.47,4.26,3.44
19.79,2392,1.36,528,134.2,0.608,0.665,6,2.77,3.75,3.958,2.95,5751.6,0.35,3.93,5.25
3.68,1638,0.62,1205,349.0,0.848,0.734,30,2.22,4.79,1.01,4.9,1688.0,0.57,2.32,4.89
17.74,660,0.95,1520,0.8,0.908,0.711,23,4.19,3.32,3.548,2.98,1470.7,0.22,5.78,4.42
12.84,1199,1.23,2563,435.8,0.626,0.915,25,2.9,3.14,2.567,2.89,2173.2,0.35,3.65,3.78
10.46,2003,1.38,1946,15.2,0.578,0.791,29,3.36,2.53,2.091,3.5,3199.0,0.6,4.08,2.93
15.33,274,2.45,2159,356.4,0.934,0.513,33,2.38,4.15,3.066,3.33,701.8,0.63,2.98,5.6
11.27,2256,2.12,1466,23.1,1.0,0.438,45,4.41,4.0,2.255,3.15,3855.5,0.82,5.2,4.9
17.85,2330,1.97,2776,133.1,0.802,0.655,37,3.7,3.32,3.57,2.31,5306.1,0.5,4.95,4.69
18.31,291,1.57,1072,248.6,0.994,0.409,4,4.7,2.69,3.662,2.62,743.6,0.34,6.69,3.57
10.17,164,2.18,2106,210.0,0.796,0.591,4,3.49,4.0,2.034,3.39,286.8,1.04,4.01,4.56
7.71,1597,1.18,1114,95.9,0.84,0.621,18,4.82,5.26,1.541,3.69,2120.7,0.8,5.3,5.76
13.07,1667,1.92,825,166.9,0.633,0.625,37,4.68,5.0,2.614,3.48,3086.9,0.65,5.74,6.07
18.51,1251,2.49,858,363.9,0.66,0.988,27,3.73,5.51,3.702,3.09,2868.2,0.67,5.38,7.87
6.58,2037,1.13,2310,334.6,0.486,0.582,25,4.8,2.53,1.316,4.43,2534.3,0.75,5.04,2.82
13.59,468,1.85,2871,35.9,0.894,0.559,41,2.97,5.88,2.718,3.31,917.3,0.68,3.91,7.34
13.74,950,2.19,2221,373.7,0.959,0.478,22,3.1,3.69,2.747,3.38,1795.8,0.79,3.74,4.75
15.46,142,2.33,1849,26.5,0.774,0.707,45,2.14,5.97,3.093,3.04,392.5,0.64,2.81,7.7
5.24,2007,1.94,664,271.5,0.606,0.492,29,3.77,3.38,1.047,4.43,2186.7,1.8,3.9,3.48
15.17,2635,1.07,2096,130.0,0.492,0.77,2,4.17,4.15,3.034,2.53,5306.7,0.28,5.48,5.23
18.45,177,1.15,2127,293.8,0.559,0.493,27,4.32,3.74,3.691,2.17,483.9,0.34,5.87,5.11
6.05,2973,0.54,1676,130.7,0.553,0.746,32,2.45,3.75,1.211,4.05,3312.5,0.49,2.72,3.95
7.04,1924,2.02,1650,492.5,0.768,0.896,41,3.33,5.45,1.408,4.02,2438.3,1.35,3.46,5.87
19.51,1393,0.59,692,154.9,0.967,0.426,2,2.53,5.11,3.903,2.42,3221.5,0.2,3.53,7.39
6.08,773,2.23,591,121.0,0.429,0.652,4,3.99,5.97,1.215,4.28,829.0,1.73,4.11,6.16
17.52,800,0.74,638,139.2,0.401,0.677,18,2.47,4.65,3.505,2.24,1824.5,0.2,3.42,6.46
11.37,858,0.84,980,448.2,0.76,0.875,41,4.71,4.12,2.274,3.35,1444.3,0.44,5.72,5.02
7.2,2023,1.45,2996,318.1,0.57,0.681,0,2.69,2.82,1.441,3.94,2640.0,0.9,2.83,3.19
17.8,2875,1.98,1856,365.3,0.928,0.741,37,2.87,5.99,3.561,2.95,6487.4,0.58,3.95,8.44
10.57,1001,0.78,839,459.0,0.596,0.875,8,4.55,4.43,2.114,2.95,1576.1,0.41,5.33,5.29
11.75,1092,1.38,1575,455.9,0.574,0.736,4,3.38,4.95,2.35,3.6,1957.8,0.63,4.02,6.03
9.11,1291,1.47,1298,369.5,0.562,0.615,45,2.07,3.92,1.821,4.16,1930.8,0.69,2.49,4.44
13.08,2486,0.92,974,98.9,0.487,0.452,41,3.48,4.42,2.616,3.31,4506.9,0.26,4.47,5.34
5.78,2340,0.73,2948,421.7,0.749,0.838,33,2.25,5.8,1.156,4.88,2642.2,0.53,2.35,5.9
9.65,1576,2.17,1962,101.9,0.501,0.923,36,4.96,3.08,1.93,4.03,2448.6,1.1,5.45,3.64
19.48,2430,1.5,1104,371.4,0.655,0.982,32,3.76,3.52,3.896,2.24,5738.3,0.37,5.56,5.18
7.39,489,0.53,1320,342.8,0.677,0.956,24,2.77,3.03,1.478,4.61,759.4,0.28,2.87,3.3
14.16,1099,2.11,1097,379.4,0.412,0.878,41,3.69,5.27,2.833,3.24,2161.1,0.73,4.6,6.7
8.53,624,2.46,2032,266.3,0.41,0.786,28,2.23,2.72,1.706,4.06,1019.3,1.33,2.33,2.82
16.15,1955,1.71,1013,319.4,0.712,0.869,24,4.4,2.79,3.23,2.64,4119.9,0.4,5.74,3.65
5.22,1606,1.51,2026,476.7,0.818,0.659,8,4.78,3.54,1.045,4.9,1656.0,1.42,4.93,3.64
19.49,758,2.26,2377,50.5,0.965,0.757,2,4.62,4.3,3.897,2.69,1817.9,0.42,6.66,6.16
10.71,2863,2.41,2199,154.4,0.507,0.609,14,3.03,3.92,2.143,3.54,4596.4,0.99,3.73,4.77
7.01,990,2.01,1529,305.7,0.462,0.596,3,2.98,2.66,1.403,4.43,1292.5,1.36,3.08,2.76
4.25,1581,1.39,999,482.0,0.431,0.854,44,2.11,5.85,1.01,4.56,1679.5,1.34,2.21,5.95
5.89,551,1.68,2184,47.8,0.662,0.672,37,3.95,5.84,1.177,4.46,653.8,1.47,4.25,5.94
11.84,2575,1.9,1216,11.3,0.774,0.527,19,3.6,3.48,2.367,3.18,4382.0,0.73,4.47,4.39
8.73,1637,0.89,1641,27.9,0.904,0.521,22,3.38,5.06,1.746,3.54,2362.7,0.53,3.85,5.77
17.09,982,1.39,2008,26.2,0.81,0.916,36,4.72,4.53,3.418,2.38,2083.4,0.37,6.31,6.14
10.33,412,2.16,1165,453.9,0.525,0.807,7,2.5,3.33,2.065,3.12,734.6,0.94,3.01,4.06
7.23,939,1.81,2708,360.6,0.677,0.728,36,2.03,3.42,1.446,4.02,1290.3,1.25,2.13,3.65
13.49,2666,1.32,2817,338.6,0.946,0.641,44,2.22,4.22,2.698,3.04,5100.3,0.48,2.8,5.16
15.02,474,1.83,1579,261.3,0.596,0.658,32,2.67,3.97,3.003,2.45,922.2,0.57,3.52,5.18
5.84,550,0.74,727,391.0,0.699,0.434,32,2.1,3.52,1.168,4.9,662.5,0.64,2.2,3.62
5.85,694,1.3,648,77.8,0.975,0.673,6,3.51,5.33,1.17,4.89,829.0,1.13,3.69,5.52
3.62,1333,2.09,1569,196.0,0.841,0.877,21,2.94,4.19,1.01,4.9,1475.8,2.04,3.04,4.37
15.52,599,0.94,1667,245.0,0.849,0.633,4,2.54,4.79,3.104,2.51,1291.2,0.34,3.17,6.42
14.28,563,0.87,1131,55.2,0.551,0.63,45,4.25,3.16,2.857,3.06,1064.1,0.21,5.42,3.95
11.07,212,2.4,1863,209.8,0.649,0.409,14,2.61,4.37,2.214,3.39,385.6,1.08,3.15,5.08
17.35,1135,0.92,912,158.3,0.449,0.675,20,4.06,3.61,3.47,3.17,2551.1,0.2,5.49,4.78
16.7,2478,1.02,2255,17.8,0.764,0.415,24,3.05,4.34,3.339,2.98,5354.9,0.2,4.04,5.78
12.95,2024,2.44,1019,68.4,0.462,0.742,16,3.54,5.23,2.59,3.18,3791.6,0.88,4.23,6.32
17.76,239,1.97,1867,382.0,0.902,0.704,6,4.8,5.19,3.552,3.0,513.9,0.46,6.61,7.18
6.5,1524,1.9,2934,9.0,0.889,0.904,18,2.11,3.74,1.3,4.04,1935.7,1.49,2.4,3.99
4.9,616,2.21,2822,467.1,0.72,0.749,6,3.5,4.93,1.01,4.49,666.0,2.16,3.6,5.04
7.59,2716,0.73,2900,43.2,0.485,0.594,39,4.56,5.79,1.517,4.25,3671.0,0.5,4.93,6.07
3.97,2047,1.91,1602,399.6,0.415,0.71,44,3.76,4.69,1.01,4.57,2181.3,1.85,3.87,4.79
12.03,2993,1.51,1097,449.3,0.878,0.82,23,2.83,3.02,2.406,2.84,5263.1,0.52,3.23,3.57
18.92,2265,2.16,2159,470.6,0.76,0.456,10,3.19,4.88,3.784,2.81,5300.8,0.48,4.69,6.76
3.67,987,1.52,2185,433.7,0.827,0.773,40,4.04,2.87,1.01,4.75,1037.0,1.47,4.14,2.97
5.08,1441,1.74,2660,143.8,0.582,0.95,0,4.67,5.55,1.015,4.9,1491.0,1.69,4.83,5.65
10.69,149,1.46,2688,166.5,0.706,0.579,31,2.12,4.31,2.137,3.84,209.9,0.65,2.3,5.1
18.88,118,1.46,2424,213.3,0.848,0.776,39,2.21,3.85,3.775,2.39,238.2,0.44,2.99,5.6
8.37,825,2.04,1229,69.6,0.678,0.893,43,2.98,2.7,1.675,3.58,1198.3,1.19,3.21,2.95
11.62,2344,1.76,1088,11.1,0.761,0.707,1,2.7,3.83,2.325,2.89,3964.3,0.78,3.17,4.69
3.71,1573,1.77,2958,434.6,0.874,0.831,14,2.79,5.66,1.01,4.61,1704.9,1.67,2.94,5.76
5.52,2706,1.4,876,277.1,0.529,0.587,20,2.66,2.57,1.104,4.32,2918.4,1.17,2.76,2.77
19.77,551,1.56,1907,304.4,0.44,0.584,23,2.59,4.16,3.955,2.1,1390.3,0.31,3.79,5.87
19.41,2436,1.99,2369,463.5,0.719,0.801,16,2.39,5.76,3.881,2.47,5766.4,0.38,3.28,8.13
3.08,1264,2.15,1250,332.6,0.437,0.823,8,4.8,3.88,1.01,4.8,1314.0,2.1,4.94,3.98
19.18,1207,1.89,1126,345.4,0.86,0.962,34,2.43,4.0,3.836,2.76,2795.3,0.44,3.58,5.62
13.87,2538,2.35,2129,393.5,0.832,0.535,19,2.61,4.52,2.773,3.37,4819.5,0.78,3.31,5.75
17.75,314,2.14,1494,58.2,0.929,0.681,18,2.74,4.12,3.551,2.94,802.6,0.58,3.67,5.89
10.73,1649,1.62,2083,180.1,0.784,0.55,17,4.8,3.09,2.146,3.44,2724.9,0.8,5.68,3.74
11.77,2362,1.84,1202,484.1,0.44,0.448,19,4.27,2.56,2.353,2.86,4033.0,0.79,5.0,3.04
11.31,227,2.35,2559,461.5,0.552,0.642,29,4.37,4.63,2.262,3.53,491.7,0.88,5.07,5.54
14.34,1945,1.74,1679,442.0,0.885,0.624,39,2.31,5.72,2.867,2.82,3718.0,0.51,3.01,7.38
5.37,859,2.15,976,226.0,0.5,0.562,0,4.51,2.87,1.075,4.41,988.5,1.94,4.76,3.03
3.51,2551,1.88,900,428.6,0.819,0.578,23,3.22,3.24,1.01,4.9,2604.7,1.79,3.39,3.34
8.23,1915,1.6,2724,24.2,0.868,0.616,23,2.79,3.8,1.647,3.73,2712.0,0.94,3.1,4.19
14.98,2485,0.98,556,74.3,0.598,0.993,18,3.73,5.33,2.996,2.61,5069.0,0.3,4.86,6.99
6.43,2978,1.35,2375,207.0,0.593,0.87,29,4.47,3.44,1.286,4.78,3585.5,0.97,4.86,3.69
14.45,2861,2.44,947,241.7,0.735,0.443,25,4.34,5.59,2.89,3.34,5591.7,0.8,5.58,7.02
19.49,460,1.82,702,131.8,0.917,0.923,41,4.67,2.69,3.898,2.37,1056.7,0.45,6.67,3.74
4.6,668,1.63,2156,178.2,0.534,0.78,43,4.78,5.79,1.01,4.83,783.4,1.52,4.96,5.89
14.43,1515,2.37,1237,81.4,0.965,0.934,37,2.71,4.46,2.887,3.02,2981.0,0.72,3.38,5.87
10.54,2365,1.67,701,244.6,0.759,0.605,28,3.27,4.81,2.109,3.68,3735.1,0.81,3.65,5.57
17.76,1697,1.55,1853,396.9,0.995,0.679,12,2.04,3.79,3.552,2.22,3841.0,0.39,2.88,5.43
6.01,1792,2.02,2910,330.7,0.454,0.938,3,4.64,5.24,1.202,4.65,2019.1,1.62,4.74,5.34
14.77,301,1.93,1391,53.9,0.476,0.564,44,2.46,3.08,2.955,3.36,552.2,0.54,3.14,3.95
17.25,2164,0.89,2903,243.8,0.896,0.949,16,4.58,2.67,3.45,2.45,4822.6,0.2,6.24,3.6
19.06,2469,1.44,715,348.8,0.919,0.897,32,2.99,3.88,3.812,2.97,5744.6,0.25,4.27,5.69
14.62,617,1.45,522,264.9,0.667,0.988,4,3.1,5.49,2.923,3.37,1212.4,0.51,4.2,6.99
11.45,1448,1.26,2702,195.8,0.828,0.595,27,2.12,5.14,2.29,3.07,2523.9,0.42,2.42,6.13
13.5,1535,1.53,1709,311.0,0.921,0.541,23,2.98,4.31,2.701,3.3,2983.3,0.47,3.69,5.28
17.77,1441,1.33,2796,484.3,0.426,0.599,16,4.67,4.5,3.554,2.39,3133.4,0.24,6.31,6.24
12.7,780,0.9,1248,47.5,0.744,0.973,38,2.08,2.95,2.54,3.37,1484.3,0.38,2.6,3.78
3.52,2088,1.32,1304,195.0,0.912,0.6,39,3.22,5.44,1.01,4.9,2204.4,1.22,3.32,5.54
18.83,1591,0.64,633,203.3,0.639,0.739,43,2.09,5.25,3.765,2.32,3635.7,0.2,2.96,7.56
14.72,524,1.65,820,288.5,0.581,0.642,45,3.11,4.8,2.944,3.13,1077.0,0.52,3.92,6.36
14.5,2068,2.21,2937,76.1,0.877,0.638,10,2.52,4.13,2.9,3.25,3991.0,0.67,3.28,5.14
6.67,1812,1.95,933,88.3,0.601,0.516,11,2.76,5.88,1.333,4.19,2268.2,1.38,2.91,6.27
14.2,2534,1.22,1545,142.7,0.402,0.722,12,4.63,5.58,2.84,2.63,4985.3,0.34,5.78,7.02
9.7,877,0.67,1372,477.9,0.976,0.91,7,3.31,4.76,1.939,3.18,1298.3,0.38,3.74,5.3
14.07,2245,0.9,2598,367.1,0.755,0.43,0,2.82,3.8,2.814,3.06,4399.4,0.38,3.56,4.88
4.81,1926,1.59,2723,330.8,0.892,0.934,8,3.77,4.66,1.01,4.9,2042.3,1.54,3.97,4.76
14.18,307,0.91,752,408.5,0.895,0.799,27,2.43,4.51,2.837,3.29,608.4,0.2,3.23,5.72
19.99,1637,1.59,1465,63.8,0.44,0.77,1,2.78,3.88,3.998,2.44,3980.3,0.25,4.12,5.44
3.82,1759,0.96,1238,429.7,0.503,0.776,13,3.64,3.57,1.01,4.9,1809.0,0.91,3.8,3.74
19.61,2733,2.2,1629,297.4,0.587,0.578,12,2.71,3.92,3.922,2.3,6557.5,0.5,4.0,5.74
9.92,2313,1.29,1839,167.7,0.592,0.649,1,4.04,4.51,1.983,3.21,3608.8,0.67,4.79,5.08
17.8,121,0.99,801,407.9,0.795,0.88,3,3.47,4.0,3.561,2.63,341.7,0.28,4.63,5.53
16.3,253,2.12,2477,401.3,0.774,0.584,11,4.32,3.42,3.26,2.73,612.5,0.66,5.76,4.39
12.64,2062,1.19,2815,422.9,0.697,0.682,9,4.84,5.16,2.528,3.17,3743.6,0.5,6.05,6.28
15.55,318,0.72,1050,57.8,0.527,0.412,2,2.35,4.36,3.111,3.29,767.7,0.27,3.12,5.75
17.93,768,1.64,1978,484.7,0.629,0.84,3,3.0,2.74,3.587,2.74,1778.3,0.4,4.04,3.81
9.87,1618,1.66,1815,479.8,0.726,0.651,5,2.96,3.79,1.974,3.66,2606.6,0.75,3.33,4.23
8.56,2377,1.93,2087,178.7,0.681,0.715,22,2.45,5.6,1.712,3.45,3392.7,1.07,2.64,6.31
14.35,2167,0.98,2322,32.9,0.476,0.469,4,4.43,5.14,2.87,3.45,4172.3,0.31,5.58,6.51
16.73,2700,1.39,2324,83.5,0.79,0.995,2,4.28,3.63,3.347,3.01,5877.1,0.39,5.72,4.94
15.96,1049,1.06,1664,496.4,0.444,0.581,9,3.45,5.78,3.192,3.18,2253.0,0.23,4.59,7.59
16.56,2295,0.66,813,281.5,0.627,0.781,42,3.61,2.77,3.313,2.66,4941.5,0.21,5.01,3.7
10.4,502,2.25,683,178.3,0.826,0.749,18,2.18,5.86,2.081,3.47,940.7,1.0,2.63,6.7
16.9,695,1.96,2187,144.1,0.412,0.871,13,3.67,3.36,3.381,2.74,1453.1,0.54,5.11,4.61
5.04,2514,1.1,1212,128.5,0.742,0.576,20,4.37,2.53,1.01,4.67,2565.4,1.04,4.53,2.63
12.26,1537,1.7,2675,332.1,0.601,0.854,42,3.72,4.02,2.451,3.38,2689.6,0.62,4.5,4.7
3.1,2949,0.9,1810,209.7,0.405,0.63,27,2.8,3.76,1.01,4.9,3043.5,0.83,2.9,3.86
8.52,1257,2.28,2933,482.7,0.514,0.647,20,4.0,4.39,1.704,3.49,1865.0,1.34,4.25,4.84
9.23,1842,0.73,770,341.9,0.965,0.804,35,3.08,5.29,1.846,3.27,2845.2,0.37,3.65,5.83
9.73,1406,0.51,2294,396.0,0.713,0.871,23,3.63,5.45,1.947,3.82,2173.2,0.2,3.98,6.26
14.82,172,1.5,1310,146.4,0.998,0.8,37,3.46,3.9,2.965,2.68,446.5,0.36,4.58,5.02
9.61,580,1.67,2962,39.6,0.715,0.94,16,3.14,4.0,1.921,3.73,1005.7,0.85,3.53,4.62
10.63,659,1.66,697,243.9,0.726,0.571,21,4.16,3.02,2.126,3.63,1142.4,0.67,5.04,3.71
7.04,844,0.61,1579,157.3,0.635,0.94,18,4.65,2.67,1.408,4.04,1043.6,0.52,4.9,2.84
9.35,1566,1.13,1726,101.0,0.586,0.479,44,2.02,4.74,1.869,3.97,2386.6,0.57,2.41,5.48
6.86,199,1.5,2144,476.3,0.551,0.796,9,4.8,2.73,1.373,4.32,386.6,1.02,4.98,2.98
4.24,1182,0.93,1127,222.0,0.606,0.729,10,3.53,5.07,1.01,4.9,1336.9,0.88,3.63,5.24
13.26,2655,2.25,1103,87.4,0.676,0.697,37,4.1,4.39,2.652,3.33,4962.4,0.72,5.16,5.36
14.36,2405,0.67,1661,99.3,0.515,0.587,1,4.57,3.2,2.872,3.32,4777.6,0.28,6.05,4.22
13.53,512,1.47,1945,140.4,0.535,0.702,32,3.4,4.39,2.706,2.56,944.0,0.45,4.28,5.67
10.88,1188,1.88,1580,499.7,0.563,0.497,42,4.5,3.14,2.176,3.13,1930.5,0.9,5.47,3.65
9.46,2742,1.02,2085,134.0,0.67,0.622,30,2.53,4.04,1.891,3.23,4224.1,0.53,2.99,4.5
17.68,1277,1.75,2618,164.4,0.792,0.459,34,2.48,5.3,3.535,2.6,2788.7,0.5,3.54,7.49
11.82,2108,2.16,1410,329.7,0.914,0.743,36,3.97,4.12,2.365,3.64,3598.2,0.75,4.76,5.01
11.15,2413,0.88,1093,147.0,0.572,0.457,35,4.61,3.02,2.229,3.32,4016.6,0.33,5.42,3.53
3.44,920,2.33,1895,107.9,0.51,0.496,22,4.68,5.03,1.01,4.9,993.7,2.28,4.78,5.16
8.8,761,1.61,1099,79.3,0.627,0.451,35,3.93,3.15,1.76,3.6,1154.4,0.89,4.57,3.44
9.46,659,1.1,1013,156.3,0.937,0.629,39,3.58,5.08,1.893,3.47,990.3,0.48,4.24,5.64
9.78,1371,1.36,2395,53.0,0.406,0.905,38,2.99,4.18,1.956,3.97,2219.3,0.62,3.52,4.79
12.86,1913,1.12,2631,9.3,0.807,0.944,25,4.94,4.09,2.573,3.04,3586.0,0.35,6.02,5.08
12.07,709,1.95,1566,402.3,0.686,0.443,24,2.96,5.48,2.414,3.51,1258.4,0.76,3.48,6.77
13.33,2561,2.09,2457,68.9,0.497,0.781,16,4.23,4.98,2.667,2.8,4764.7,0.68,5.49,6.21
16.0,124,2.17,1309,388.0,0.593,0.811,14,3.6,2.62,3.201,3.24,347.1,0.56,4.61,3.6
16.82,2128,2.47,2680,398.8,0.535,0.72,36,3.83,3.54,3.364,2.8,4624.8,0.59,5.32,4.72
15.21,383,2.08,1588,269.0,0.927,0.8,44,3.18,5.55,3.042,3.13,794.1,0.59,4.1,7.28
19.24,1572,1.7,789,154.8,0.689,0.54,3,4.89,2.56,3.849,2.14,3682.7,0.33,6.95,3.54
3.31,400,1.18,2923,72.5,0.738,0.694,21,3.72,4.41,1.01,4.9,450.0,1.13,3.85,4.51
6.33,1191,1.59,1268,368.4,0.756,0.635,16,4.81,5.05,1.266,4.85,1377.0,1.16,4.91,5.39
3.13,1130,0.58,970,300.7,0.784,0.454,21,2.02,4.68,1.01,4.9,1180.0,0.53,2.12,4.78
14.01,916,1.99,2696,327.7,0.697,0.775,16,3.72,5.16,2.801,2.53,1831.1,0.63,4.9,6.68
18.27,182,1.39,587,4.3,0.411,0.697,13,4.15,5.04,3.653,2.42,507.4,0.31,5.88,6.96
7.14,2020,0.54,2943,463.8,0.601,0.565,13,4.24,4.92,1.428,4.13,2629.4,0.31,4.61,5.05
18.76,2193,0.63,1289,33.1,0.51,0.684,16,4.71,5.38,3.752,2.25,5036.2,0.2,6.76,7.44
4.02,717,1.27,2164,183.4,0.808,0.865,7,2.01,4.76,1.01,4.9,824.4,1.22,2.11,4.87
18.89,2409,1.67,1809,201.4,0.434,0.881,33,2.0,3.91,3.777,2.26,5479.2,0.38,2.72,5.44
8.98,275,1.43,1364,0.7,0.738,0.79,25,3.42,4.15,1.796,3.58,441.9,0.66,3.82,4.71
4.72,1289,1.74,1793,248.5,0.526,0.681,44,2.09,5.01,1.01,4.9,1405.8,1.69,2.19,5.11
11.26,2804,1.46,523,376.4,0.969,0.745,29,4.92,5.57,2.252,3.31,4733.3,0.69,5.81,6.55
7.37,941,1.82,2386,411.6,0.601,0.631,21,2.67,3.45,1.473,4.36,1243.5,1.18,2.97,3.69
7.84,469,0.94,810,439.7,0.595,0.476,15,3.42,3.7,1.569,4.45,700.3,0.59,3.52,3.97
8.22,1918,0.73,1984,243.9,0.954,0.631,29,2.18,5.76,1.645,3.52,2749.1,0.41,2.46,6.49
16.65,2201,1.69,1731,315.3,0.65,0.718,15,3.57,4.52,3.33,2.95,4731.7,0.42,4.61,6.03
12.17,789,1.47,2985,39.8,0.978,0.759,37,3.14,3.13,2.433,2.94,1485.4,0.47,3.64,3.67
8.29,1879,0.55,1205,244.0,0.415,0.961,23,2.13,4.82,1.658,3.8,2723.9,0.31,2.31,5.25
13.38,1464,1.26,1859,77.4,0.584,0.866,35,3.01,5.97,2.675,2.59,2799.0,0.49,3.9,7.53
15.17,1532,0.71,921,184.8,0.8,0.491,34,3.17,5.38,3.035,2.51,3130.9,0.2,4.0,7.1
7.63,466,1.56,2273,164.7,0.935,0.505,5,4.97,5.11,1.527,3.87,564.6,1.0,5.38,5.68
10.03,743,1.29,2868,211.8,0.554,0.46,3,2.62,3.23,2.006,3.37,1172.9,0.68,3.09,3.87
5.07,2526,1.73,1446,285.8,0.958,0.843,17,3.63,5.57,1.014,4.9,2611.8,1.64,3.73,5.67
6.08,172,2.11,1686,451.4,0.756,0.824,5,4.96,4.34,1.216,4.78,303.8,1.64,5.13,4.46
14.58,1371,1.1,2334,197.2,0.881,0.992,25,4.38,5.61,2.916,3.4,2713.8,0.39,5.8,7.32
6.08,959,2.42,2064,490.6,0.638,0.713,36,4.98,3.65,1.217,4.63,1226.2,1.9,5.15,3.94
11.93,142,1.57,1348,379.5,0.527,0.896,26,4.9,2.72,2.386,2.98,248.9,0.54,5.79,3.22
15.05,2524,1.74,2089,255.7,0.947,0.746,40,3.47,4.17,3.011,2.71,5125.4,0.49,4.57,5.4
4.82,1164,1.86,1818,322.0,0.96,0.924,10,4.09,3.44,1.01,4.8,1214.0,1.81,4.19,3.61
12.64,2317,1.83,2589,51.1,0.699,0.833,37,2.33,5.0,2.529,2.97,4184.9,0.74,2.68,6.09
7.36,2359,1.52,2447,422.3,0.404,0.786,15,3.32,5.85,1.472,4.29,3114.7,1.02,3.42,6.26
19.37,1616,1.36,1808,291.2,0.466,0.739,18,4.43,4.92,3.874,2.57,3776.6,0.29,6.2,7.2
11.22,2186,0.61,886,493.0,0.744,0.834,42,3.52,5.6,2.244,3.22,3592.2,0.26,4.03,6.77
16.7,468,0.54,2535,318.2,0.414,0.652,14,4.11,4.09,3.34,2.38,1048.6,0.24,5.45,5.42
12.35,2904,1.22,1661,417.1,0.638,0.458,25,4.24,5.2,2.471,2.7,5166.9,0.37,5.15,6.28
3.74,250,1.17,2525,399.9,0.582,0.424,40,2.76,5.45,1.01,4.69,361.0,1.1,2.86,5.55
13.76,1234,1.28,1215,172.7,0.829,0.687,30,4.63,4.99,2.753,2.62,2467.3,0.51,6.0,6.46
19.17,1603,0.78,2978,129.8,0.433,0.76,18,3.38,4.28,3.835,2.84,3674.5,0.27,4.86,6.3
13.23,1559,1.98,925,215.2,0.693,0.447,23,2.63,4.69,2.645,2.69,2931.9,0.61,3.43,5.96
16.93,1170,2.21,1939,233.6,0.747,0.572,8,4.6,4.95,3.385,2.94,2593.4,0.51,6.25,6.72
18.03,1123,2.38,2573,120.0,0.77,0.593,22,3.25,3.39,3.606,2.52,2650.6,0.56,4.36,4.51
6.88,1698,1.48,884,447.3,0.643,0.738,3,4.25,5.33,1.375,3.84,2210.9,0.96,4.48,5.71
6.6,2884,1.9,555,271.3,0.583,0.567,9,3.64,5.83,1.321,4.66,3524.5,1.43,3.95,6.06
13.39,2140,2.21,605,489.2,0.809,0.457,8,3.15,4.13,2.677,3.14,4014.7,0.66,3.81,5.22
9.99,1489,1.34,1169,405.0,0.909,0.499,18,4.43,4.95,1.997,3.27,2276.9,0.54,4.93,5.74
17.28,168,1.12,875,277.9,0.816,0.504,14,3.75,5.08,3.456,3.08,391.5,0.28,5.07,6.94
18.3,2446,2.37,1242,473.5,0.959,0.906,33,3.17,4.82,3.66,2.16,5570.5,0.66,4.39,6.92
9.01,1043,1.53,1466,252.4,0.83,0.571,41,2.33,4.41,1.802,3.43,1601.9,0.79,2.53,4.76
7.03,901,1.49,807,443.6,0.859,0.829,18,4.69,5.59,1.405,4.47,1191.6,1.0,4.83,6.01
16.27,2443,0.86,2638,179.1,0.501,0.741,20,2.11,4.07,3.254,2.98,5199.8,0.33,2.72,5.41
7.67,2350,0.72,1301,189.3,0.652,0.986,33,4.59,2.71,1.534,3.83,3106.8,0.45,5.03,3.02
16.98,160,2.18,609,209.1,0.691,0.564,16,3.08,5.46,3.397,2.27,439.1,0.54,4.14,7.49
10.2,1045,1.73,2164,273.3,0.554,0.495,17,3.92,4.86,2.041,3.86,1610.8,0.77,4.58,5.42
14.35,1437,1.15,839,276.7,0.717,0.431,16,4.77,5.47,2.87,2.77,2759.7,0.3,6.12,6.92
4.62,1284,0.88,2088,248.2,0.574,0.545,1,2.46,2.98,1.01,4.67,1334.0,0.83,2.56,3.08
13.61,430,1.61,1478,153.0,0.813,0.81,0,3.7,2.61,2.721,3.05,932.0,0.52,4.56,3.15
10.68,1651,1.67,2903,463.6,0.682,0.451,42,4.29,5.77,2.136,3.83,2618.3,0.68,5.03,6.84
12.97,437,0.91,2415,294.3,0.675,0.547,9,4.27,3.02,2.594,2.65,903.3,0.25,5.1,3.63
5.86,1729,2.2,667,203.9,0.99,0.913,36,3.58,5.33,1.171,4.89,1905.3,1.81,3.68,5.46
15.53,1427,0.67,1056,325.6,0.635,0.75,4,3.87,5.38,3.105,2.91,2941.0,0.2,5.13,6.98
17.67,1626,1.21,1404,384.0,0.617,0.442,11,4.27,4.98,3.534,2.59,3712.1,0.21,5.77,6.91
6.68,1773,1.86,604,480.4,0.591,0.429,35,4.52,2.96,1.337,4.57,2193.0,1.28,4.65,3.2
4.63,1461,1.05,2547,249.8,0.937,0.437,30,4.29,4.84,1.01,4.9,1511.0,1.0,4.39,4.94
3.4,1673,2.16,2697,56.0,0.698,0.965,37,3.06,5.61,1.01,4.7,1723.0,2.11,3.16,5.71
13.91,2786,1.98,645,220.4,0.76,0.91,8,4.99,3.99,2.783,2.64,5415.8,0.55,6.26,5.19
13.32,374,2.08,1373,239.5,0.508,0.907,43,3.3,3.95,2.664,3.48,725.4,0.75,4.32,4.77
12.29,1287,0.74,798,448.5,0.725,0.955,25,2.07,4.05,2.459,3.36,2325.7,0.2,2.47,5.02
6.94,2466,0.78,2236,197.4,0.565,0.703,14,3.09,2.79,1.389,4.18,3069.7,0.59,3.25,2.89
9.65,2736,1.07,1145,476.7,0.838,0.548,15,2.38,5.62,1.929,3.67,4151.0,0.57,2.78,6.25
13.11,2651,1.54,1137,242.6,0.9,0.641,12,2.36,5.54,2.621,3.33,4836.1,0.56,3.0,6.91
11.45,2534,2.0,2786,486.9,0.829,0.831,24,2.84,5.99,2.289,3.58,4339.2,0.85,3.57,7.04
19.79,2093,2.17,3000,4.1,0.838,0.926,29,2.16,4.55,3.958,2.93,5039.3,0.4,3.26,6.7
5.32,969,1.91,1283,449.4,0.707,0.661,6,4.07,5.13,1.064,4.77,1019.0,1.83,4.22,5.23
14.82,2980,2.36,1396,465.6,0.827,0.721,3,2.22,3.21,2.963,2.7,5984.0,0.64,3.06,3.99
9.87,1114,1.98,870,480.5,0.654,0.959,42,2.61,4.84,1.975,3.7,1825.3,0.9,2.88,5.55
10.28,2011,1.11,986,6.5,0.791,0.464,39,2.28,4.77,2.056,3.4,3289.4,0.59,2.69,5.57
15.2,702,1.03,2537,85.9,0.555,0.917,37,2.19,5.65,3.04,2.96,1388.7,0.3,3.01,7.48
14.77,1899,1.89,2712,326.9,0.442,0.496,29,2.8,5.41,2.954,2.83,3748.1,0.67,3.67,6.9
19.85,790,0.89,1860,12.7,0.648,0.69,9,3.72,5.78,3.97,2.16,1992.3,0.2,5.56,8.5
5.18,593,0.69,691,31.8,0.677,0.531,29,4.89,5.54,1.037,4.88,643.0,0.64,4.99,5.75
4.77,589,1.56,1229,110.5,0.554,0.762,38,4.63,5.54,1.01,4.9,639.0,1.46,4.73,5.64
15.31,2868,2.14,2761,256.2,0.837,0.735,6,4.63,2.72,3.063,3.16,5897.1,0.65,6.25,3.67
12.83,2656,0.7,1456,273.0,0.444,0.628,35,2.53,5.46,2.567,3.11,4802.3,0.2,3.07,6.75
7.66,489,2.08,880,17.1,0.534,0.918,34,2.79,4.63,1.532,3.7,671.3,1.24,3.11,4.82
4.35,394,2.12,1297,85.2,0.849,0.796,23,2.23,3.83,1.01,4.89,444.0,2.05,2.33,3.93
4.46,1492,1.46,738,249.9,0.662,0.833,38,4.34,2.7,1.01,4.9,1621.0,1.41,4.44,2.8
18.2,2943,0.61,1605,297.0,0.823,0.49,35,2.21,4.87,3.64,2.53,6616.9,0.2,3.26,7.0
6.26,1817,0.85,1886,74.2,0.74,0.93,44,3.67,3.65,1.252,4.66,2219.8,0.73,3.77,3.75
8.5,2696,1.91,2749,199.4,0.97,0.5,19,2.74,4.14,1.699,3.84,3828.9,0.99,2.84,4.63
6.85,748,1.92,2027,452.2,0.759,0.534,31,2.73,4.89,1.371,4.01,966.4,1.27,2.83,5.07
9.03,1973,2.3,2167,499.4,0.409,0.477,38,4.97,5.69,1.807,4.02,2870.9,1.18,5.73,6.44
4.18,667,1.67,536,493.6,0.612,0.664,25,4.27,5.39,1.01,4.56,717.0,1.62,4.37,5.49
11.82,3000,0.75,2496,440.8,0.486,0.933,25,4.51,4.08,2.365,3.28,5212.2,0.21,5.28,5.03
4.15,2917,0.74,1925,197.3,0.955,0.551,35,3.72,3.86,1.01,4.68,2974.6,0.66,3.82,3.96
16.61,544,1.94,1990,343.3,0.462,0.624,42,4.61,3.34,3.321,2.31,1284.0,0.57,6.34,4.66
6.97,462,0.87,1724,208.3,0.633,0.908,34,3.94,3.8,1.395,4.24,617.1,0.56,4.29,4.16
12.18,2270,1.16,2522,324.3,0.536,0.771,42,4.84,2.89,2.436,3.2,4012.4,0.48,5.73,3.58
17.96,1311,1.47,2941,154.7,0.908,0.851,34,2.84,5.9,3.592,2.84,2948.8,0.3,3.87,8.02
14.06,841,0.55,1332,303.1,0.585,0.528,11,3.79,4.51,2.813,3.23,1713.0,0.2,4.93,5.62
12.06,2141,1.0,1096,261.9,0.995,0.83,32,4.07,2.95,2.412,3.45,3747.0,0.33,4.94,3.72
8.51,779,1.32,2940,12.2,0.423,0.537,35,3.18,3.73,1.703,3.74,1090.3,0.72,3.7,3.98
8.66,2567,1.06,1199,395.4,0.477,0.992,13,4.64,4.41,1.732,3.93,3741.1,0.63,5.14,4.76
14.38,1742,0.77,2146,5.9,0.535,0.736,32,4.94,4.37,2.876,3.03,3440.8,0.29,6.4,5.61
19.9,1672,1.96,2518,146.6,0.887,0.817,45,3.48,2.62,3.98,2.43,4032.6,0.43,5.04,3.71
14.25,1458,2.13,940,3.0,0.927,0.471,44,3.17,5.83,2.85,3.06,2878.0,0.76,4.23,7.33
12.48,2239,1.01,2360,188.1,0.443,0.55,44,3.42,3.46,2.496,3.61,4060.0,0.32,4.14,4.27
15.42,162,2.05,2140,31.6,0.419,0.484,23,4.56,2.56,3.084,2.54,340.1,0.54,5.88,3.3
10.91,2659,1.27,2029,456.8,0.847,0.634,14,3.94,2.77,2.182,3.79,4286.5,0.56,4.56,3.11
4.02,1262,1.51,2867,207.8,0.48,0.57,30,2.13,4.53,1.01,4.53,1382.0,1.46,2.28,4.63
12.56,1328,2.21,1594,229.7,0.48,0.84,16,3.63,2.98,2.512,2.96,2337.3,0.71,4.45,3.61
19.28,2919,2.0,1067,174.9,0.413,0.465,11,2.05,2.65,3.856,2.33,6879.6,0.47,2.87,3.87
5.98,355,2.11,735,313.8,0.43,0.851,21,4.34,3.83,1.196,4.7,405.0,1.71,4.48,3.93
14.73,234,0.77,1804,392.2,0.558,0.427,22,2.98,4.68,2.946,2.54,484.8,0.29,3.71,6.09
6.42,974,0.64,1685,324.1,0.439,0.521,25,3.42,2.89,1.283,4.8,1100.9,0.55,3.52,2.99
12.11,921,2.29,1532,374.1,0.621,0.875,13,4.4,3.6,2.422,3.54,1655.3,0.87,5.25,4.33
4.64,2235,1.28,2607,453.0,0.9,0.846,11,2.14,3.96,1.01,4.9,2329.6,1.16,2.24,4.06
10.66,922,1.08,2340,431.8,0.596,0.686,3,2.48,3.06,2.131,3.38,1463.8,0.5,2.98,3.39
15.85,1073,1.95,724,337.0,0.837,0.43,45,3.19,4.27,3.171,3.24,2231.5,0.6,4.36,5.8
8.91,1877,2.17,2342,107.3,0.456,0.766,12,2.69,2.8,1.782,4.08,2829.1,1.1,3.18,3.06
14.3,220,2.22,1081,318.9,0.796,0.644,17,3.01,2.66,2.861,2.96,462.8,0.69,3.82,3.48
16.52,1737,1.13,668,253.0,0.59,0.59,42,4.99,4.32,3.305,2.95,3776.9,0.4,6.82,5.99
18.76,1464,2.2,1965,358.6,0.85,0.784,27,4.48,3.37,3.752,2.65,3481.1,0.47,6.15,4.78
6.99,1107,0.58,513,416.5,0.482,0.662,37,4.65,2.83,1.398,4.32,1509.6,0.35,4.75,2.96
9.79,1024,0.6,2711,371.4,0.939,0.455,40,4.81,3.98,1.958,3.4,1687.9,0.23,5.35,4.46
5.59,744,1.75,1943,423.3,0.546,0.95,43,3.02,5.7,1.118,4.69,811.3,1.56,3.12,5.98
19.87,2132,0.63,2370,31.9,0.612,0.867,18,2.89,5.03,3.974,2.09,5193.0,0.23,4.07,7.35
18.76,2861,1.15,2043,15.8,0.97,0.434,45,2.7,5.35,3.752,2.44,6650.1,0.29,3.73,7.63
12.18,2168,1.85,2189,129.3,0.747,0.715,42,4.49,5.55,2.436,3.4,3899.4,0.65,5.52,6.72
17.31,341,1.17,2071,450.3,0.619,0.45,37,4.04,5.9,3.463,3.14,694.2,0.33,5.47,8.22
11.86,2602,0.86,1551,411.8,0.97,0.902,45,2.71,5.17,2.371,3.71,4604.3,0.36,3.29,6.32
13.6,2768,1.06,2231,341.4,0.597,0.768,2,3.13,4.63,2.72,3.09,5279.2,0.37,3.9,5.74
4.52,2450,1.42,945,350.4,0.457,0.503,18,3.52,3.78,1.01,4.9,2568.9,1.33,3.62,3.88
15.84,1719,1.45,1215,363.3,0.998,0.412,19,3.58,3.14,3.168,2.49,3500.2,0.43,4.58,4.13
5.17,902,2.07,1318,471.3,0.561,0.419,24,4.67,4.9,1.034,4.9,952.0,1.98,4.77,5.0
17.04,1063,2.0,2651,416.1,0.911,0.704,10,3.14,5.98,3.409,2.28,2430.1,0.42,4.1,8.27
16.29,168,1.41,925,311.7,0.499,0.841,16,4.73,4.14,3.259,2.55,401.7,0.39,6.37,5.39
15.05,1252,2.19,1624,332.9,0.839,0.473,34,3.32,5.03,3.01,3.05,2522.4,0.75,4.44,6.55
3.61,295,0.73,2064,106.9,0.715,0.533,13,4.24,4.23,1.01,4.79,414.8,0.68,4.34,4.33
8.15,2287,1.01,1349,328.7,0.989,0.596,38,4.79,4.01,1.631,3.47,3072.0,0.68,5.2,4.33
7.47,2430,2.16,2045,212.3,0.732,0.531,18,4.72,3.94,1.495,4.42,3157.2,1.3,5.2,4.22
9.12,2459,1.26,1629,76.5,0.415,0.635,2,2.17,4.27,1.824,3.51,3605.8,0.69,2.33,4.99
4.49,845,2.46,2202,403.2,0.762,0.736,33,2.62,3.78,1.01,4.54,895.0,2.36,2.72,3.88
18.93,1788,1.43,2501,255.1,0.487,0.811,40,3.43,5.12,3.786,2.14,4120.3,0.29,4.86,7.13
12.41,376,2.08,776,488.7,0.879,0.978,21,3.29,5.56,2.483,2.92,655.8,0.78,4.09,6.84
8.19,160,1.3,2306,140.8,0.914,0.959,37,3.92,5.59,1.639,3.58,210.0,0.78,4.34,6.02
9.75,2013,1.35,2735,240.3,0.689,0.742,26,4.83,3.3,1.95,3.86,3133.6,0.7,5.61,3.61
10.6,2199,1.27,2439,224.0,0.87,0.84,20,2.34,5.64,2.12,3.26,3651.5,0.58,2.55,6.4
13.21,2300,1.94,2652,60.4,0.487,0.971,40,3.36,3.7,2.642,3.38,4273.0,0.68,4.15,4.41
11.77,1872,1.6,1045,213.1,0.695,0.45,30,2.58,3.58,2.353,2.93,3205.6,0.7,3.0,4.28
18.63,1434,2.39,2927,143.8,0.636,0.403,26,4.68,5.04,3.726,2.58,3244.5,0.55,6.7,7.08
11.45,1937,1.0,609,80.2,0.767,0.418,36,4.89,3.57,2.29,3.49,3366.8,0.35,5.99,4.13
19.87,2691,0.7,1044,141.1,0.427,0.738,1,3.44,2.69,3.973,2.66,6517.9,0.2,4.88,4.0
17.47,666,1.29,2901,116.6,0.851,0.858,8,2.31,3.81,3.495,2.78,1475.7,0.3,3.02,5.08
6.54,1671,1.73,1242,367.0,0.447,0.62,18,4.36,5.03,1.309,4.8,1985.4,1.33,4.46,5.42
18.82,721,2.22,2864,15.4,0.794,0.727,41,4.09,3.64,3.764,2.31,1721.2,0.43,5.63,5.19
4.98,2125,1.19,1789,308.7,0.411,0.71,35,3.06,4.7,1.01,4.9,2243.3,1.11,3.16,4.8
16.9,1300,1.81,2375,380.3,0.899,0.457,9,4.66,4.81,3.379,3.1,2823.8,0.39,6.34,6.71
9.47,413,1.2,1588,240.4,0.505,0.593,39,4.93,5.07,1.894,3.21,691.7,0.61,5.78,5.67
17.93,2954,1.73,832,465.8,0.709,0.412,44,3.67,5.64,3.585,2.2,6654.4,0.37,5.06,7.81
17.76,2995,2.27,2036,353.9,0.557,0.466,38,3.7,4.01,3.551,2.39,6755.1,0.5,5.0,5.46
16.7,2244,0.96,1656,374.0,0.834,0.887,6,2.89,3.08,3.34,2.87,4751.4,0.27,3.77,4.26
16.43,1336,1.31,1091,98.5,0.593,0.898,3,3.75,3.62,3.286,2.52,2959.6,0.41,4.91,4.85
8.18,2976,2.49,1282,388.6,0.835,0.881,14,3.32,4.01,1.636,3.6,4076.4,1.41,3.51,4.25
4.38,236,2.24,1039,416.0,0.571,0.836,11,2.91,5.0,1.01,4.9,332.1,2.19,3.02,5.1
9.85,1129,1.63,2058,180.6,0.851,0.876,5,2.2,2.55,1.97,3.68,1789.3,0.69,2.35,3.01
5.95,2256,1.53,2019,106.7,0.418,0.803,8,2.76,3.61,1.19,4.33,2562.4,1.35,3.04,3.71
14.81,2694,1.07,1118,192.5,0.57,0.802,34,2.59,5.23,2.963,2.71,5401.1,0.29,3.37,6.62
8.88,761,1.53,2333,369.8,0.699,0.8,7,3.63,4.85,1.777,3.86,1119.1,0.91,4.07,5.41
19.59,2572,2.2,1491,208.8,0.427,0.708,6,3.81,5.06,3.917,2.97,6012.9,0.58,5.41,7.4
13.9,2777,1.87,2646,368.3,0.512,0.618,3,3.83,5.34,2.779,3.17,5308.4,0.66,4.92,6.68
16.98,2408,1.08,2864,56.8,0.961,0.838,12,3.16,5.24,3.396,3.0,5225.0,0.2,4.29,7.04
5.25,186,0.9,2670,403.0,0.986,0.579,18,3.26,4.89,1.051,4.74,236.0,0.85,3.36,5.06
17.65,2612,1.03,2116,126.6,0.844,0.726,6,4.5,4.04,3.531,2.43,5883.5,0.2,6.12,5.43
18.69,2223,0.84,2018,124.5,0.551,0.66,9,3.43,5.94,3.737,2.54,5063.0,0.28,5.01,8.43
11.28,2618,0.69,1021,295.2,0.556,0.566,24,4.96,4.49,2.256,3.64,4385.0,0.34,5.81,5.52
13.31,2561,1.34,1416,35.1,0.787,0.985,43,3.32,3.21,2.661,3.02,4702.6,0.55,4.12,4.15
16.0,2972,0.73,1216,13.1,0.471,0.555,34,3.95,3.52,3.2,3.14,6206.1,0.22,5.19,4.51
5.97,2873,0.84,2862,130.5,0.969,0.586,24,2.15,4.93,1.194,4.9,3222.0,0.7,2.25,5.03
11.54,2604,1.59,2436,269.0,0.535,0.497,28,3.96,5.74,2.309,2.86,4440.7,0.64,4.61,6.72
9.78,1408,0.83,1059,453.8,1.0,0.894,11,4.55,3.13,1.955,3.12,2136.0,0.37,5.08,3.75
5.49,1800,0.63,1468,423.2,0.697,0.752,39,4.83,2.79,1.098,4.42,1868.7,0.56,4.98,3.02
9.25,2800,1.13,2903,245.2,0.863,0.768,11,4.99,5.59,1.85,3.56,4218.1,0.6,5.59,6.19
4.16,2819,0.94,1577,18.5,0.401,0.892,5,2.85,5.7,1.01,4.61,2914.8,0.89,2.96,5.8
3.44,594,1.53,1389,267.6,0.933,0.606,9,3.73,3.47,1.01,4.9,644.0,1.48,3.83,3.61
5.3,1747,0.7,1292,352.4,0.562,0.516,1,3.35,3.82,1.06,4.38,1797.0,0.65,3.45,3.92
19.37,2042,2.0,2812,169.6,0.801,0.519,44,3.69,4.81,3.875,2.36,4884.1,0.52,5.31,6.76
12.34,1168,2.31,1481,55.5,0.884,0.84,24,2.47,3.65,2.468,2.87,2038.4,0.86,3.11,4.26
19.42,1524,1.99,1301,139.3,0.498,0.768,6,4.57,5.57,3.884,2.97,3694.7,0.42,6.6,7.94
10.35,696,1.57,542,385.8,0.666,0.524,39,4.73,2.88,2.07,3.64,1142.6,0.73,5.53,3.5
8.3,549,2.22,2109,175.6,0.696,0.487,22,3.35,2.63,1.66,4.29,771.7,1.26,3.78,3.05
11.6,584,1.89,2277,406.0,0.587,0.472,10,2.84,3.23,2.321,3.75,1086.8,0.66,3.23,3.72
10.47,745,0.52,849,159.8,0.689,0.777,35,2.42,3.5,2.094,3.45,1307.9,0.21,2.91,3.96
4.8,2767,1.29,2067,81.8,0.591,0.4,22,4.05,2.9,1.01,4.71,2817.0,1.24,4.15,3.0
13.89,1729,2.2,1629,217.9,0.616,0.411,42,2.94,2.73,2.779,2.69,3306.4,0.63,3.75,3.57
6.67,761,1.19,2548,226.1,0.802,0.634,6,4.73,5.14,1.335,4.05,948.0,0.91,4.86,5.45
13.53,857,0.57,2280,8.1,0.78,0.815,26,4.01,3.07,2.707,3.25,1731.2,0.26,5.18,3.87
14.05,388,1.99,1083,58.5,0.539,0.817,12,3.94,5.7,2.811,2.52,828.7,0.67,5.0,7.28
5.58,820,2.1,931,92.5,0.938,0.658,16,3.68,3.79,1.117,4.28,878.2,1.88,3.8,3.89
4.04,737,0.82,2432,56.8,0.918,0.815,31,2.14,4.85,1.01,4.9,787.0,0.77,2.26,4.95
16.27,2382,1.57,2600,170.8,0.705,0.713,25,4.8,3.29,3.255,2.91,4976.3,0.42,6.58,4.6
10.82,2563,0.88,1848,482.3,0.66,0.986,21,3.88,3.34,2.163,3.56,4154.2,0.3,4.65,3.76
3.99,598,1.94,2694,254.6,0.626,0.497,12,4.98,4.51,1.01,4.85,648.0,1.89,5.08,4.61
19.91,733,1.04,2530,313.8,0.824,0.76,11,3.61,4.46,3.983,2.81,1820.3,0.21,5.37,6.38
3.98,1773,1.13,1689,178.2,0.803,0.695,6,4.13,5.19,1.01,4.9,1823.0,1.08,4.23,5.29
14.82,2130,2.19,1662,161.7,0.518,0.517,0,2.17,5.15,2.963,2.51,4227.2,0.67,2.85,6.7
19.72,214,1.45,798,11.6,0.803,0.85,32,3.9,4.85,3.945,2.81,579.6,0.23,5.78,7.02
7.07,773,1.84,2439,250.2,0.551,0.565,13,4.29,4.07,1.413,4.66,967.7,1.35,4.46,4.47
5.42,1836,1.3,1288,241.8,0.411,0.629,42,4.34,5.62,1.084,4.36,1893.6,1.25,4.44,5.72
5.06,1357,1.1,1349,78.9,0.82,0.625,40,4.31,4.68,1.013,4.86,1407.0,1.01,4.41,4.78
8.16,2353,1.75,2725,382.2,0.787,0.547,16,2.68,5.97,1.631,3.9,3169.9,1.12,3.03,6.33
4.72,2394,0.81,1877,246.3,0.646,0.658,3,4.93,5.37,1.01,4.62,2526.1,0.76,5.03,5.49
14.77,2905,1.25,1677,169.5,0.715,0.684,38,4.99,2.66,2.953,3.28,5797.6,0.37,6.5,3.34
4.06,246,0.92,2449,73.5,0.968,0.847,0,2.23,3.62,1.01,4.76,296.0,0.87,2.33,3.75
11.66,2265,1.89,1377,276.1,0.757,0.859,40,4.81,4.5,2.332,3.56,3873.3,0.67,5.81,5.31
19.94,511,2.39,1638,376.4,0.795,0.495,44,2.87,5.03,3.989,2.67,1219.0,0.53,4.28,7.08
16.84,1787,2.49,2077,141.0,0.438,0.756,23,4.07,4.43,3.367,2.82,3882.3,0.57,5.38,5.86
13.46,2510,1.4,2992,109.4,0.5,0.938,33,3.01,5.25,2.692,2.74,4715.2,0.48,3.86,6.78
8.21,1632,1.01,2146,261.0,0.581,0.465,33,4.9,3.49,1.641,3.62,2270.6,0.59,5.49,3.75
13.61,236,1.39,2403,77.7,0.724,0.684,23,2.3,3.14,2.721,2.58,454.1,0.54,2.88,3.8
11.96,118,2.19,1882,333.3,0.866,0.85,14,3.49,2.69,2.392,2.97,181.1,0.89,4.15,3.1
10.24,2342,0.91,644,302.7,0.593,0.767,16,3.28,4.51,2.049,3.34,3765.0,0.36,3.61,5.14
5.22,2477,2.4,2822,43.5,0.614,0.46,12,2.98,4.91,1.044,4.9,2671.2,2.35,3.12,5.01
18.07,2059,1.18,1702,18.3,0.554,0.638,6,3.94,3.64,3.614,2.5,4735.4,0.3,5.41,5.07
10.65,2322,2.47,2361,310.1,0.553,0.704,8,2.39,4.65,2.129,3.68,3685.7,1.1,2.74,5.32
6.31,1101,2.18,2354,147.1,0.969,0.998,43,4.15,2.68,1.262,4.39,1371.2,1.62,4.25,2.8
9.25,548,2.12,2366,43.2,0.781,0.507,34,4.94,2.85,1.85,3.96,900.3,1.15,5.57,3.07
10.04,2048,1.14,1598,379.7,0.494,0.989,22,4.41,4.96,2.008,4.0,3305.8,0.61,5.16,5.68
17.07,1045,0.52,1651,157.0,0.833,0.626,38,4.58,3.79,3.414,2.45,2251.6,0.2,6.35,5.2
15.47,1477,1.26,2234,229.8,0.833,0.52,22,3.08,4.85,3.094,3.2,3090.6,0.45,4.0,6.2
16.08,1622,1.1,1067,118.4,0.8,0.648,25,2.97,5.41,3.216,2.91,3326.8,0.27,4.03,7.17
3.19,240,0.57,2313,313.7,0.481,0.768,0,3.55,5.48,1.01,4.9,317.7,0.52,3.65,5.58
10.07,2905,1.51,1030,150.7,0.645,0.528,13,2.14,3.1,2.015,3.67,4521.2,0.7,2.38,3.47
11.18,2020,1.31,2706,484.0,0.464,0.575,31,4.84,4.2,2.237,3.27,3444.5,0.47,5.57,5.02
3.33,192,1.77,2061,351.5,0.89,0.913,9,2.43,5.07,1.01,4.7,315.9,1.72,2.59,5.17
7.42,338,1.74,1180,68.4,0.793,0.999,0,4.71,5.21,1.483,3.68,455.4,1.17,5.12,5.64
15.92,304,0.74,2570,208.3,0.704,0.591,4,2.25,5.25,3.185,2.84,682.2,0.2,3.05,6.83
5.33,2707,2.45,1570,192.7,0.606,0.489,2,4.47,3.3,1.066,4.9,2791.1,2.19,4.57,3.4
12.1,1556,0.87,1228,267.1,0.511,0.876,26,2.46,3.17,2.42,3.45,2736.7,0.27,3.11,3.73
6.66,344,1.39,2229,421.0,0.464,0.76,21,2.11,4.57,1.332,4.16,433.6,0.99,2.25,4.81
3.21,931,1.48,2691,291.7,0.982,0.46,17,4.16,5.09,1.01,4.9,981.0,1.39,4.3,5.19
7.1,394,2.13,1167,30.8,0.52,0.968,15,2.84,3.62,1.42,4.46,619.5,1.38,3.21,3.78
19.59,2787,0.7,2112,327.7,0.436,0.447,1,4.14,2.87,3.918,2.31,6523.0,0.2,6.14,4.24
16.63,955,1.36,1180,4.1,0.977,0.775,12,3.67,5.01,3.325,2.26,2100.8,0.45,5.09,6.59
19.31,2164,1.76,1472,390.0,0.729,0.654,44,2.33,3.55,3.863,2.16,5163.7,0.45,3.13,5.26
11.29,170,0.93,2632,333.3,0.878,0.734,15,4.8,3.08,2.259,3.7,415.3,0.34,5.86,3.51
4.87,1392,1.75,2963,154.4,0.426,0.528,7,3.36,3.02,1.01,4.9,1509.3,1.7,3.46,3.13
12.32,1448,2.35,1326,146.2,0.74,0.813,42,4.2,3.6,2.463,2.98,2528.8,0.9,5.27,4.34
10.72,404,2.5,796,399.1,0.639,0.976,7,3.5,4.57,2.145,3.2,764.4,1.07,4.02,5.51
17.35,1130,0.56,1753,391.7,0.863,0.675,9,3.81,3.75,3.471,2.98,2464.8,0.2,5.27,4.98
4.67,1437,0.97,2925,176.2,0.423,0.714,32,2.91,2.57,1.01,4.9,1580.4,0.92,3.01,2.67
11.3,916,1.12,2968,149.5,0.641,0.544,30,2.6,2.84,2.26,3.61,1616.6,0.4,3.2,3.31
5.55,1226,1.3,2652,279.9,0.879,0.935,11,3.63,3.52,1.11,4.85,1415.8,1.13,3.73,3.77
8.52,920,0.98,2228,4.2,0.714,0.983,8,3.32,4.81,1.704,3.57,1250.6,0.55,3.64,5.51
15.54,292,0.91,2524,41.3,0.73,0.872,36,3.17,2.84,3.107,2.86,659.6,0.27,4.3,3.62
11.09,1876,2.41,829,63.1,0.458,0.726,8,4.02,4.46,2.218,3.09,3201.1,1.06,4.83,5.33
9.39,628,2.34,2986,92.7,0.479,0.974,17,4.07,2.92,1.878,3.96,1053.5,1.14,4.41,3.32
9.71,2318,0.59,1655,256.0,0.806,0.492,29,2.14,3.24,1.941,3.48,3464.5,0.33,2.4,3.56
10.81,350,1.18,2390,496.1,0.805,0.687,31,3.02,3.1,2.162,3.73,704.6,0.52,3.36,3.51
16.35,1888,1.31,881,326.3,0.987,0.723,39,3.24,2.74,3.269,2.65,3917.0,0.45,4.41,3.86
18.17,2688,0.98,2685,30.6,0.827,0.695,22,2.29,4.85,3.633,2.95,6093.0,0.21,3.38,6.75
19.24,2126,1.76,1342,262.8,0.696,0.881,10,2.71,4.12,3.848,2.38,5024.3,0.48,3.93,5.73
16.38,2563,1.78,2817,248.3,0.914,0.802,19,2.15,5.41,3.275,2.7,5351.6,0.55,2.78,7.14
8.36,2941,2.2,895,72.1,0.463,0.476,18,4.99,2.85,1.672,3.98,4015.4,1.28,5.43,3.04
14.7,1503,1.98,949,460.1,0.67,0.608,35,4.21,3.01,2.94,2.49,3055.8,0.64,5.63,3.89
10.44,1267,1.59,1854,220.4,0.572,0.603,25,2.26,3.57,2.088,3.91,2034.1,0.62,2.52,4.09
7.33,2172,1.81,2486,497.3,0.463,0.739,9,2.06,5.18,1.466,4.2,2729.9,1.28,2.23,5.52
17.29,2815,1.05,1808,210.0,0.858,0.575,23,4.16,3.57,3.459,2.7,6216.5,0.2,5.65,4.75
3.65,1196,1.69,1797,304.0,0.706,0.47,12,3.32,3.93,1.01,4.9,1323.3,1.64,3.43,4.03
18.33,2779,1.48,2567,52.4,0.734,0.792,45,4.36,3.56,3.666,2.98,6326.5,0.32,6.25,4.81
10.85,1947,0.77,2786,227.1,0.647,0.911,33,4.77,2.78,2.169,3.42,3141.1,0.31,5.54,3.42
13.83,604,0.99,1793,119.4,0.676,0.959,28,3.8,5.79,2.766,3.43,1093.9,0.34,4.87,7.2
14.21,1721,1.08,2965,417.8,0.47,0.984,35,2.56,4.42,2.842,2.53,3396.0,0.43,3.29,5.74
18.22,2483,2.35,2349,392.0,0.804,0.869,6,4.35,5.26,3.643,2.23,5630.8,0.56,5.98,7.28
13.82,2572,0.96,685,412.1,0.659,0.484,29,4.87,4.8,2.765,3.1,4936.4,0.41,6.06,6.07
13.44,2646,1.08,1733,361.8,0.89,0.912,16,3.74,4.3,2.687,2.9,5020.8,0.38,4.7,5.3
4.13,1487,1.24,1937,416.3,0.518,0.64,12,4.05,2.81,1.01,4.9,1537.0,1.16,4.15,2.91
11.81,2777,1.83,752,100.4,0.523,0.838,23,3.01,4.75,2.363,3.08,4727.6,0.65,3.75,5.86
5.55,1322,0.74,518,226.0,0.787,0.719,30,3.14,3.04,1.111,4.65,1549.6,0.69,3.24,3.14
15.54,817,2.41,1659,345.9,0.908,0.897,26,4.2,3.95,3.107,3.16,1718.5,0.6,5.37,5.1
11.71,438,2.23,722,318.7,0.683,0.655,20,4.78,4.7,2.342,3.36,818.5,0.87,5.68,5.72
14.56,758,1.65,502,358.2,0.836,0.437,43,3.89,5.24,2.913,3.43,1615.3,0.44,4.85,6.62
3.71,1061,1.85,1759,112.1,1.0,0.734,0,4.37,4.9,1.01,4.9,1203.9,1.8,4.47,5.0
4.44,528,0.53,1353,49.2,0.994,0.503,14,2.51,4.85,1.01,4.75,595.7,0.48,2.61,4.95
15.18,998,1.18,1988,458.4,0.847,0.979,2,2.64,3.02,3.035,2.63,2007.2,0.34,3.53,3.99
4.23,238,2.09,727,280.1,0.844,0.716,5,3.6,3.71,1.01,4.81,388.9,2.0,3.78,3.81
4.21,641,0.65,2177,76.9,0.549,0.732,13,2.53,2.65,1.01,4.9,731.2,0.6,2.63,2.75
3.21,2204,1.06,998,396.7,0.9,0.944,37,3.9,5.02,1.01,4.5,2254.0,1.01,4.0,5.12
19.26,1355,1.67,2385,457.5,0.643,0.775,32,2.87,5.83,3.852,2.28,3209.7,0.29,4.28,8.31
15.54,2805,1.01,2515,84.8,0.977,0.582,37,4.37,3.42,3.108,3.24,5730.8,0.31,5.71,4.39
9.01,2582,2.37,1662,408.7,0.449,0.578,7,4.42,2.81,1.801,3.87,3857.2,1.26,4.95,3.09
8.04,483,0.76,1799,466.6,0.662,0.701,25,3.39,4.16,1.608,3.67,696.5,0.36,3.67,4.54
8.94,2707,2.09,2838,469.2,0.734,0.92,14,2.54,5.5,1.789,3.46,4008.5,1.09,2.76,5.99
16.17,293,1.52,1576,457.1,0.643,0.877,13,3.94,4.43,3.234,3.14,728.2,0.4,5.42,6.1
14.24,2681,2.0,1214,273.2,0.526,0.978,19,4.98,2.66,2.849,3.36,5272.5,0.6,6.29,3.47
6.15,2665,1.12,1447,178.1,0.756,0.443,18,3.87,5.91,1.23,4.27,3127.0,0.9,4.03,6.01
5.96,2863,1.53,1369,3.6,0.854,0.561,32,2.11,5.4,1.192,4.5,3316.1,1.23,2.21,5.68
4.67,2898,2.21,1570,30.5,0.787,0.448,35,2.05,2.96,1.01,4.9,2948.0,2.16,2.17,3.06
14.23,2332,1.43,593,214.4,0.541,0.851,23,2.96,5.73,2.845,3.24,4455.6,0.51,3.89,7.35
15.99,1995,1.22,1059,199.7,0.839,0.485,9,2.59,4.08,3.199,3.11,4244.8,0.27,3.36,5.33
7.51,2439,1.57,2275,92.4,0.554,0.46,33,4.44,3.8,1.501,4.1,3193.6,1.03,4.85,4.18
3.36,831,1.93,2760,197.7,0.505,0.737,35,4.53,4.11,1.01,4.9,881.0,1.88,4.63,4.21
4.4,2263,1.39,935,87.3,0.814,0.647,35,2.78,5.42,1.01,4.8,2313.0,1.33,2.88,5.52
19.45,2972,2.38,1351,424.4,0.906,0.829,15,2.98,4.81,3.891,2.19,6929.2,0.58,4.31,6.79
8.02,784,1.09,704,149.1,0.689,0.692,14,2.71,2.71,1.605,4.16,1153.7,0.66,2.98,2.85
16.08,181,1.45,2928,299.3,0.719,0.655,17,4.73,5.85,3.215,2.83,467.7,0.4,6.13,7.75
13.62,2981,2.01,1599,251.4,0.582,0.655,6,3.51,3.02,2.724,3.38,5567.1,0.7,4.48,3.66
9.49,2480,1.88,576,25.9,0.697,0.923,21,3.97,5.11,1.899,3.21,3821.7,0.99,4.49,5.73
6.5,2704,2.23,1315,471.1,0.479,0.637,31,3.25,4.73,1.299,4.73,3191.1,1.76,3.37,5.01
5.06,2482,2.49,1267,263.6,0.973,0.6,42,3.89,3.16,1.013,4.76,2610.3,2.44,4.04,3.29
13.46,631,1.35,2957,162.5,0.88,0.603,18,3.16,3.1,2.691,3.2,1219.2,0.53,3.77,3.82
16.17,2083,0.72,605,79.1,0.801,0.518,39,3.02,5.55,3.234,2.32,4434.0,0.2,3.93,7.3
13.95,320,0.56,2635,169.3,0.723,0.916,0,3.9,3.97,2.789,3.1,633.8,0.2,4.8,5.17
12.02,734,1.95,2246,10.3,0.875,0.488,34,3.77,4.79,2.403,3.44,1289.0,0.69,4.38,5.96
3.71,1869,2.25,1965,181.8,0.697,0.945,4,2.88,4.26,1.01,4.84,1998.9,2.14,2.98,4.36
19.46,2470,0.94,744,265.7,0.58,0.57,11,2.45,5.05,3.893,2.25,5732.9,0.22,3.71,7.05
16.58,1974,0.82,1905,435.9,0.496,0.94,11,3.11,4.18,3.316,2.78,4320.4,0.27,4.09,5.71
7.98,102,0.62,1481,343.7,0.789,0.874,20,3.25,3.51,1.596,4.29,216.2,0.36,3.6,3.93
19.66,1817,2.15,2236,55.8,0.958,0.749,18,3.89,3.77,3.932,2.35,4311.9,0.51,5.44,5.24
13.23,305,1.12,641,73.9,0.492,0.802,8,4.74,5.51,2.646,2.83,636.0,0.38,5.96,6.9
12.9,1955,1.3,1392,214.1,0.508,0.596,42,2.11,4.14,2.58,2.89,3509.9,0.45,2.8,5.15
15.72,139,1.51,1891,97.9,0.66,0.745,35,2.73,3.25,3.143,3.27,337.2,0.39,3.53,4.24
16.8,2206,2.18,2899,13.9,0.884,0.575,41,2.58,5.77,3.36,2.59,4852.1,0.55,3.63,7.91
14.16,2721,1.8,1044,402.5,0.576,0.641,31,3.51,5.29,2.832,2.47,5212.5,0.54,4.67,6.71
5.18,743,1.73,2699,9.8,0.552,0.859,34,3.29,2.69,1.036,4.9,853.8,1.68,3.39,2.79
8.75,1630,0.85,1969,415.3,0.772,0.546,30,4.19,6.0,1.75,3.98,2349.6,0.38,4.58,6.68
18.78,2007,1.53,1262,72.1,0.721,0.903,31,2.73,4.93,3.755,2.21,4669.4,0.27,3.92,6.87
6.82,2990,1.93,1123,487.3,0.436,0.626,36,3.78,3.06,1.364,4.77,3620.7,1.4,4.13,3.27
9.33,2766,2.45,1155,301.9,0.449,0.719,31,4.65,3.33,1.865,3.77,4128.0,1.24,5.12,3.86
10.35,2243,0.9,2997,367.5,0.786,0.965,42,4.73,4.92,2.069,3.48,3679.4,0.39,5.47,5.9
10.47,997,0.52,1747,55.2,0.679,0.809,36,4.88,5.23,2.094,3.34,1571.4,0.2,5.6,6.04
13.42,1185,0.65,542,431.1,0.983,0.787,38,4.32,3.34,2.684,3.45,2273.7,0.2,5.32,4.01
19.03,1379,1.25,2811,419.6,0.807,0.827,37,4.72,3.4,3.806,2.31,3244.8,0.35,6.85,5.03
7.09,2708,2.14,1526,326.5,0.406,0.951,29,2.7,3.57,1.418,3.98,3432.1,1.54,2.84,3.85
5.07,2495,0.51,2160,251.1,0.689,0.549,31,2.59,4.59,1.013,4.59,2588.4,0.46,2.69,4.78
6.36,770,1.41,1791,360.7,0.649,0.768,44,2.02,3.1,1.271,4.69,945.1,1.0,2.14,3.2
18.08,1605,1.16,1095,3.0,0.464,0.64,1,4.12,2.86,3.616,2.73,3537.1,0.32,5.62,3.93
13.98,2464,0.6,1512,296.2,0.954,0.407,10,4.81,4.88,2.796,3.1,4814.9,0.2,6.0,6.04
7.86,818,1.4,2724,423.7,0.883,0.475,19,2.56,5.23,1.572,3.71,1200.7,0.81,2.79,5.81
16.87,1171,1.01,2610,178.4,0.538,0.595,36,3.91,4.25,3.374,2.87,2489.0,0.2,5.27,5.92
17.64,2055,1.2,1457,54.1,0.554,0.739,8,4.24,3.77,3.529,2.93,4551.9,0.36,5.77,5.21
17.39,1259,1.91,1060,210.4,0.419,0.929,37,4.78,4.01,3.478,2.54,2848.0,0.51,6.38,5.38
18.62,349,1.54,1830,363.6,0.578,0.875,18,3.94,3.86,3.724,2.89,939.9,0.39,5.56,5.29
7.29,2461,0.75,1812,53.7,0.751,0.732,39,4.91,5.86,1.458,3.99,3254.7,0.53,5.37,6.3
15.84,1992,2.42,2321,103.0,0.653,0.444,6,3.03,5.19,3.167,3.07,4224.4,0.63,4.16,6.88
10.83,1953,1.77,2050,73.8,0.982,0.572,4,3.05,3.23,2.166,2.93,3147.4,0.75,3.48,3.87
17.31,2954,2.03,1349,398.5,0.434,0.62,41,3.63,3.84,3.463,2.74,6553.1,0.54,5.01,5.19
15.38,1603,0.66,1778,31.4,0.755,0.773,23,3.15,4.4,3.077,3.32,3361.6,0.22,4.27,5.74
16.2,2632,0.59,2033,343.3,0.915,0.439,40,2.0,4.65,3.24,3.26,5512.8,0.22,2.64,6.01
14.15,1334,0.54,2314,183.2,0.688,0.718,6,4.2,4.14,2.831,2.75,2585.2,0.2,5.52,5.32
6.02,143,0.88,2241,377.9,0.402,0.941,10,4.26,5.34,1.203,4.5,202.5,0.77,4.55,5.47
12.27,2718,1.33,1105,482.2,0.546,0.823,8,4.24,5.19,2.453,2.76,4843.6,0.48,5.05,6.49
19.74,682,2.37,1986,57.3,0.594,0.878,29,3.04,4.27,3.948,2.89,1611.0,0.56,4.28,6.21
18.94,1388,1.41,1794,157.2,0.98,0.809,40,3.57,5.49,3.787,2.64,3144.9,0.32,4.93,7.75
3.73,319,1.08,1245,405.1,0.947,0.524,2,3.08,5.13,1.01,4.86,369.0,1.03,3.18,5.23
5.8,2025,1.62,1057,133.1,0.97,0.466,21,2.05,5.23,1.16,4.25,2260.3,1.31,2.26,5.51
5.24,2548,0.72,2611,107.6,0.895,0.898,39,3.69,5.85,1.048,4.9,2630.0,0.67,3.89,5.95
15.34,2874,1.72,1441,412.7,0.611,0.817,19,2.37,3.43,3.068,2.88,5894.5,0.52,2.93,4.43
16.9,1090,1.64,2796,493.5,0.944,0.745,31,2.24,3.44,3.38,2.5,2305.0,0.36,3.08,4.84
6.63,1912,2.08,1769,278.4,0.989,0.514,6,4.27,5.61,1.326,4.19,2414.2,1.44,4.5,5.95
11.6,957,2.47,1439,139.0,0.61,0.762,6,2.03,5.2,2.32,3.05,1748.4,1.04,2.39,6.25
17.29,903,1.0,2110,199.3,0.556,0.419,19,4.88,5.74,3.458,2.79,2092.8,0.2,6.73,7.74
15.46,589,1.52,2704,85.1,0.728,0.471,24,3.55,2.72,3.092,3.27,1290.5,0.38,4.84,3.71
12.22,1880,2.32,2225,380.9,0.512,0.587,44,4.95,4.7,2.444,3.56,3257.5,0.96,5.89,5.6
13.04,1593,2.07,1484,386.7,0.42,0.666,34,2.17,3.01,2.607,3.06,2937.1,0.76,2.55,3.63
11.64,2991,1.47,2087,437.6,0.967,0.472,43,3.75,4.26,2.328,3.6,5048.9,0.53,4.31,4.99
8.06,1805,2.39,1836,13.3,0.955,0.472,23,3.05,3.05,1.612,3.86,2579.9,1.43,3.27,3.19
12.61,2414,0.61,2374,281.0,0.498,0.836,39,4.53,2.95,2.521,2.9,4319.2,0.23,5.5,3.8
14.71,153,2.36,1161,107.1,0.645,0.742,12,3.08,2.54,2.942,3.4,367.4,0.79,3.95,3.32
17.85,2675,0.6,532,170.4,0.899,0.72,38,2.78,4.71,3.569,2.45,6030.9,0.2,3.85,6.57
13.82,715,1.59,2316,392.5,0.797,0.671,3,4.57,3.76,2.763,2.83,1483.7,0.59,5.89,4.93
15.94,1182,2.28,2620,96.0,0.637,0.986,11,3.12,2.87,3.188,3.29,2540.6,0.58,4.11,3.7
5.72,1948,1.03,2389,319.2,0.847,0.43,16,2.05,3.63,1.144,4.31,2204.1,0.91,2.15,3.73
10.85,1054,1.44,1656,327.3,0.938,0.508,0,3.17,3.09,2.169,3.66,1753.4,0.52,3.86,3.67
3.16,2533,1.15,560,477.0,0.956,0.789,16,3.96,5.8,1.01,4.9,2619.9,1.05,4.11,5.9
7.19,1729,2.4,2043,387.6,0.627,0.482,1,2.76,3.62,1.439,4.18,2139.2,1.65,2.86,3.85
15.35,2881,2.15,771,401.8,0.504,0.754,5,3.3,3.67,3.07,2.36,5934.5,0.53,4.25,4.63
19.86,2863,1.92,2793,265.8,0.948,0.741,43,2.17,5.44,3.972,2.38,6838.5,0.44,3.27,7.85
4.69,749,1.68,1699,93.4,0.456,0.983,10,3.76,4.77,1.01,4.59,799.0,1.63,3.86,4.87
9.83,2447,2.14,2306,212.8,0.833,0.93,42,4.27,4.99,1.965,3.48,3866.5,0.99,4.82,5.62
16.6,494,1.28,1654,274.7,0.484,0.967,17,3.24,4.73,3.32,3.03,1093.7,0.25,4.35,6.26
6.47,1459,1.4,1625,339.2,0.634,0.468,39,3.26,5.81,1.294,4.33,1837.5,1.09,3.36,6.0
12.44,2740,1.96,809,303.9,0.647,0.921,24,2.26,3.22,2.487,3.1,4964.0,0.81,2.64,3.89
15.46,2661,1.22,1815,197.0,0.495,0.477,38,2.61,5.96,3.092,2.9,5501.8,0.39,3.39,7.76
13.47,2543,0.63,2245,132.7,0.954,0.78,27,2.46,5.41,2.694,3.13,4687.0,0.23,3.19,6.97
6.2,470,0.65,837,84.1,0.402,0.832,45,3.45,4.56,1.239,4.85,536.9,0.46,3.7,4.9
9.04,957,0.73,509,346.9,0.936,0.497,15,3.59,4.82,1.808,3.53,1510.9,0.28,4.21,5.43
16.32,890,2.24,548,322.7,0.93,0.78,11,4.85,4.77,3.265,3.09,1994.3,0.65,6.32,6.58
12.42,757,1.44,2010,343.7,0.59,0.431,40,2.22,2.7,2.484,3.24,1378.5,0.48,2.6,3.5
3.09,2883,1.93,1844,186.3,0.823,0.576,28,3.8,3.26,1.01,4.78,2939.0,1.88,3.91,3.36
15.94,1492,1.29,1230,131.2,0.552,0.953,22,3.58,5.87,3.187,2.6,3064.1,0.35,4.77,7.77
3.6,483,1.02,1294,379.9,0.855,0.503,20,3.55,4.37,1.01,4.84,629.7,0.97,3.65,4.56
15.68,2209,1.19,2148,386.8,0.737,0.439,15,4.62,3.82,3.135,2.95,4504.8,0.39,5.98,5.09
6.44,2652,2.09,632,227.8,0.58,0.666,40,2.62,5.17,1.288,4.14,3095.3,1.64,2.72,5.28
19.29,338,1.75,2630,306.0,0.64,0.91,44,2.12,4.34,3.857,2.97,868.0,0.43,3.0,6.27
9.25,294,2.38,2604,186.8,0.814,0.446,25,4.02,2.55,1.851,3.75,430.6,1.29,4.4,2.75
8.56,2825,1.86,875,351.0,0.944,0.613,36,3.04,5.08,1.712,4.24,4090.4,1.13,3.55,5.55
5.53,2208,1.64,2896,417.9,0.478,0.94,21,2.05,5.06,1.106,4.3,2304.0,1.56,2.15,5.16
8.2,1252,1.72,770,344.1,0.743,0.471,9,2.75,3.08,1.639,3.75,1656.2,1.06,3.21,3.27
17.9,2832,2.38,2006,256.3,0.552,0.586,6,2.93,5.85,3.581,2.17,6336.1,0.63,4.2,7.91
19.94,2115,2.08,2658,229.3,0.881,0.867,8,3.85,3.28,3.988,2.28,5068.2,0.49,5.55,4.91
9.26,255,0.55,575,321.2,0.442,0.726,24,2.52,4.1,1.852,4.04,357.5,0.2,2.94,4.54
10.63,1022,1.57,2456,339.9,0.813,0.899,45,3.24,2.9,2.125,2.97,1686.0,0.64,3.85,3.23
15.28,1709,1.88,2166,279.4,0.505,0.467,14,3.45,4.61,3.055,2.8,3466.9,0.45,4.4,5.87
18.07,1074,2.0,828,312.5,0.758,0.952,12,3.38,3.81,3.613,2.25,2525.1,0.41,4.64,5.33
13.08,1330,0.93,2669,48.3,0.901,0.961,41,4.92,3.74,2.616,3.01,2378.0,0.31,6.12,4.84
9.66,2535,2.23,540,475.9,0.853,0.493,45,2.14,5.39,1.931,3.94,3970.1,1.01,2.49,6.01
10.01,1914,2.41,1690,395.4,0.852,0.42,25,4.85,2.53,2.003,3.66,3029.4,1.2,5.6,2.75
14.83,937,0.97,2826,187.0,0.711,0.994,20,3.75,5.29,2.965,3.14,1828.6,0.36,4.84,6.83
3.05,2107,2.27,2556,281.4,0.934,0.689,22,4.39,4.5,1.01,4.82,2157.0,2.15,4.49,4.6
13.53,1463,0.69,512,23.7,0.753,0.743,43,3.29,5.95,2.707,3.48,2783.5,0.2,4.13,7.39
9.04,2487,0.61,1423,20.6,0.951,0.77,27,3.36,4.56,1.809,3.93,3598.8,0.38,3.74,5.04
16.5,303,0.76,2342,125.4,0.728,0.874,37,4.64,2.69,3.3,2.67,649.3,0.26,6.25,3.59
4.58,260,0.62,1732,344.9,0.704,0.887,11,4.69,2.68,1.01,4.9,310.0,0.57,4.85,2.78
13.0,491,2.19,1714,426.1,0.533,0.516,23,2.72,5.59,2.6,3.52,972.2,0.87,3.42,7.1
11.18,868,0.62,1152,279.6,0.727,0.542,12,2.6,5.44,2.235,3.42,1495.7,0.35,3.17,6.27
13.92,2722,1.04,2203,266.1,0.484,0.926,39,3.49,3.71,2.784,3.2,5127.3,0.32,4.46,4.6
4.1,2681,0.71,1120,201.2,0.922,0.892,1,4.7,4.66,1.01,4.89,2753.0,0.65,4.8,4.79
12.86,1193,1.09,2462,80.8,0.806,0.771,38,2.97,4.21,2.572,2.84,2261.3,0.44,3.7,5.34
12.55,504,0.68,2145,59.2,0.996,0.997,11,3.96,5.89,2.509,3.38,861.9,0.21,4.66,7.06
12.53,707,1.84,2743,380.3,0.455,0.841,38,4.12,5.82,2.506,3.27,1383.4,0.73,5.26,7.33
13.26,1714,0.77,916,463.8,0.544,0.53,13,4.34,5.94,2.652,3.07,3218.7,0.27,5.22,7.49
14.5,1640,2.2,1163,229.1,0.926,0.908,29,3.69,5.53,2.9,3.06,3330.5,0.74,4.7,7.02
16.68,2975,2.13,2278,329.7,0.637,0.649,40,3.21,5.68,3.337,2.45,6297.7,0.52,4.17,7.66
7.59,1937,0.53,1879,457.2,0.68,0.422,42,4.9,3.26,1.517,4.35,2662.4,0.33,5.12,3.43
17.03,789,2.29,647,45.1,0.916,0.593,18,3.83,5.41,3.405,3.16,1775.8,0.61,5.33,7.22
11.47,1340,0.56,2545,385.2,0.713,0.858,30,4.19,4.98,2.294,3.69,2315.1,0.31,4.97,5.86
4.31,2203,0.98,1888,308.4,0.516,0.976,42,3.03,5.87,1.01,4.8,2269.8,0.92,3.16,5.97
4.0,465,0.56,2911,299.3,0.935,0.566,42,4.01,4.5,1.01,4.88,515.0,0.51,4.11,4.64
8.68,1822,1.17,2225,146.3,0.419,0.548,24,2.77,2.8,1.736,4.1,2710.3,0.7,2.98,3.05
16.34,554,1.53,901,341.9,0.937,0.738,3,2.74,4.59,3.269,2.86,1240.2,0.46,3.57,6.09
15.03,203,2.09,2015,397.4,0.43,0.887,12,4.14,4.9,3.006,2.93,372.2,0.68,5.44,6.37
16.41,176,1.18,2531,56.4,0.8,0.848,35,3.56,3.27,3.281,3.19,324.1,0.34,4.91,4.45
11.79,329,1.91,728,266.8,0.443,0.736,41,4.05,3.88,2.359,3.29,522.7,0.69,4.86,4.77
10.48,2037,0.88,2098,50.6,0.824,0.779,36,2.81,4.59,2.097,3.47,3307.4,0.33,3.22,5.28
5.51,2478,2.0,767,436.3,0.42,0.545,2,3.8,3.81,1.101,4.31,2704.9,1.87,4.04,3.91
8.58,1305,0.97,1928,253.8,0.905,0.66,15,3.33,3.81,1.716,3.39,1878.7,0.58,3.54,4.18
10.38,992,0.79,2316,404.0,0.68,0.553,25,3.79,2.97,2.076,2.98,1577.1,0.3,4.4,3.53
4.51,1673,0.87,1534,184.0,0.456,0.931,39,2.87,5.79,1.01,4.9,1739.8,0.82,2.97,5.89
6.75,2835,0.86,1843,62.5,0.824,0.468,38,4.15,5.13,1.35,4.21,3473.3,0.61,4.25,5.3
13.17,2174,1.53,625,20.7,0.694,0.808,18,4.42,2.5,2.634,3.05,3936.2,0.46,5.41,3.09
15.51,1775,2.19,2853,140.8,0.515,0.556,45,2.78,5.18,3.101,3.18,3607.4,0.64,3.47,6.97
19.97,398,0.66,2225,122.1,0.409,0.685,14,2.9,5.09,3.994,2.61,906.4,0.2,4.36,7.4
18.86,1056,1.91,1612,280.2,0.651,0.58,31,3.98,2.53,3.773,2.68,2551.4,0.36,5.68,3.77
13.92,2946,1.81,1875,10.9,0.451,0.594,20,4.09,3.79,2.785,2.79,5682.6,0.58,5.31,4.65
10.16,1214,2.25,1188,260.3,0.457,0.556,0,4.11,4.62,2.032,3.84,2040.3,1.05,4.76,5.32
13.82,2627,0.99,1780,195.9,0.56,0.852,5,4.05,4.08,2.763,2.67,4968.6,0.23,5.16,5.13
16.36,2720,1.4,1732,288.6,0.778,0.619,26,3.18,5.22,3.271,2.32,5830.8,0.36,4.34,7.04
5.01,2605,2.35,780,351.2,0.718,0.836,22,3.18,3.99,1.01,4.67,2691.9,2.28,3.35,4.12
9.97,1574,1.82,942,317.0,0.441,0.674,30,2.76,3.04,1.994,3.31,2463.3,0.76,3.01,3.63
17.28,464,1.28,2363,492.3,0.981,0.728,11,2.47,5.92,3.455,2.47,1001.6,0.25,3.31,8.16
9.53,1798,0.76,1336,69.1,0.932,0.726,20,4.08,3.35,1.905,3.79,2787.5,0.3,4.71,3.86
12.72,450,1.02,888,214.9,0.556,0.986,1,2.28,5.01,2.544,2.85,937.5,0.3,2.99,6.35
12.99,2400,1.66,1116,212.4,0.473,0.62,4,4.81,3.0,2.598,3.28,4356.2,0.64,6.16,3.67
6.14,2928,1.94,646,208.5,0.965,0.525,8,4.48,3.65,1.227,4.1,3312.8,1.53,4.69,3.91
9.16,2004,0.75,1020,331.9,0.677,0.947,19,4.57,4.05,1.832,3.34,3014.5,0.31,5.02,4.72
8.69,2950,1.7,1129,244.9,0.587,0.505,45,4.72,3.17,1.737,3.8,4311.7,0.85,5.09,3.52
3.45,1111,1.6,2981,258.7,0.694,0.901,17,3.23,4.07,1.01,4.9,1217.9,1.54,3.41,4.17
3.41,2606,1.53,2691,216.2,0.864,0.49,21,4.54,3.05,1.01,4.9,2656.0,1.48,4.64,3.15
17.14,598,1.88,788,495.8,0.501,0.795,7,2.47,4.46,3.428,3.17,1325.5,0.46,3.25,5.94
7.64,1049,2.17,1909,463.8,0.86,0.49,33,2.06,4.82,1.528,4.19,1394.4,1.3,2.4,5.24
11.81,2094,1.15,513,153.9,0.85,0.954,8,4.35,2.72,2.361,3.43,3703.2,0.43,5.09,3.15
8.08,2146,2.28,756,55.8,0.724,0.739,6,2.22,5.55,1.616,4.06,3000.6,1.35,2.52,6.04
18.99,607,0.82,2221,419.9,0.92,0.598,29,4.97,3.15,3.798,2.69,1465.6,0.2,7.1,4.62
7.41,1427,0.85,1923,498.6,0.479,0.484,17,4.02,3.29,1.482,3.75,1829.4,0.57,4.15,3.39
10.3,2648,1.03,1730,146.3,0.757,0.623,26,4.26,4.81,2.061,3.53,4298.6,0.45,4.87,5.39
17.84,2950,0.74,1357,178.9,0.67,0.823,15,2.74,4.14,3.567,2.53,6612.5,0.2,3.65,5.78
17.31,2745,0.96,1695,470.8,0.653,0.631,20,4.02,4.25,3.463,2.63,6109.9,0.28,5.55,5.75
6.16,265,0.71,963,355.6,0.552,0.548,4,2.13,2.95,1.233,4.53,368.0,0.61,2.23,3.05
16.64,2609,2.14,769,147.8,0.623,0.746,28,4.51,5.32,3.329,2.37,5646.7,0.6,5.89,7.14
10.79,1019,0.78,1744,290.5,0.465,0.651,36,2.51,4.66,2.158,3.26,1760.5,0.3,3.13,5.3
11.21,213,1.99,1706,472.1,0.551,0.499,42,4.09,2.97,2.242,2.9,370.3,0.83,4.79,3.33
5.27,1091,0.6,571,405.9,0.563,0.492,21,2.67,3.81,1.054,4.9,1270.1,0.54,2.77,4.0
4.37,2051,2.4,1806,370.9,0.832,0.824,13,2.21,5.34,1.01,4.59,2101.0,2.35,2.31,5.44
15.37,2354,1.92,2621,368.5,0.429,0.985,18,3.44,4.49,3.075,2.61,4853.9,0.58,4.38,5.86
11.44,1358,0.51,2902,89.0,0.791,0.54,34,2.51,2.88,2.288,3.7,2421.1,0.2,3.19,3.63
10.43,614,2.03,2250,412.3,0.533,0.864,23,4.19,3.8,2.085,3.45,989.7,0.93,4.79,4.55
15.4,1331,1.53,996,138.1,0.449,0.453,41,2.71,3.35,3.08,2.48,2768.4,0.48,3.52,4.24
16.01,808,2.06,1487,465.2,0.58,0.629,5,3.03,4.31,3.203,2.68,1734.9,0.55,4.18,5.74
5.7,2285,1.54,1409,182.3,0.535,0.704,2,3.7,5.45,1.14,4.3,2582.7,1.41,3.84,5.66
13.37,438,1.78,872,428.8,0.731,0.561,33,2.85,4.03,2.675,2.76,933.3,0.67,3.52,5.12
5.3,2684,2.07,861,133.1,0.614,0.718,44,3.13,4.02,1.06,4.41,2854.5,1.88,3.32,4.16
15.77,167,1.31,2640,257.3,0.98,0.93,1,4.45,5.67,3.155,2.75,455.6,0.45,5.98,7.48
14.17,1696,0.51,1844,53.4,0.978,0.967,14,2.54,4.52,2.834,3.28,3264.4,0.2,3.13,5.63
19.26,1664,2.2,823,330.1,0.666,0.46,36,2.25,4.48,3.852,2.63,3861.5,0.54,3.27,6.39
4.17,482,1.26,2931,418.0,0.877,0.563,14,2.99,3.42,1.01,4.9,532.0,1.21,3.16,3.52
3.97,118,1.49,1074,359.2,0.408,0.987,31,3.27,4.63,1.01,4.68,204.3,1.44,3.37,4.73
7.8,2830,0.52,1235,261.6,0.729,0.562,20,3.63,4.52,1.559,3.85,3723.3,0.3,4.03,4.72
